Assets,located_image,base_image,top_left_X,top_left_Y,bottom_right_X,top_right_Y,height,width,total_image_height,total_image_width
bfbf7a2b7ac635e67877b1ab87fd6629,logo,_preview.png,NA,NA,NA,NA,NA,NA,NA,NA
945010afbf9a55bbdffcb0895f946155,logo,_preview.png,NA,NA,NA,NA,NA,NA,NA,NA
e68e20f592457b875ce29757ab855dfe,logo,_preview.png,NA,NA,NA,NA,NA,NA,NA,NA
adunit-nestle-purina-friskies-mob,logo,_preview.png,NA,NA,NA,NA,NA,NA,NA,NA
adunit-lionsgate-uwomt-user-slider-sensory-video-final-mpu,logo,_preview.png,NA,NA,NA,NA,NA,NA,NA,NA
84327cf26d2a91e2730ae7ddbfca6d59,logo.png,_preview.png,89,6,511,202,196,422,900,600
08b7a12a72fb5100b27197c39bab1b70,logo,_preview.png,NA,NA,NA,NA,NA,NA,NA,NA
adunit-lionsgate-spiral-puzzle-v2-mpu,logo,_preview.png,NA,NA,NA,NA,NA,NA,NA,NA
bb631902fce625cf0dc87d80c027c905,video-logo.png,_preview.png,0,0,600,900,900,600,900,600
adunit-western-union-sensory-unit-swipe-right-tap-mpu,logo,_preview.png,NA,NA,NA,NA,NA,NA,NA,NA
bcc5ae4665b6b8c2ff25dfdc65fbc65a,logo,_preview.png,NA,NA,NA,NA,NA,NA,NA,NA
adunit-chevy-hotspot-cpe-mpu,logo,_preview.png,NA,NA,NA,NA,NA,NA,NA,NA
adunit-yamaha-user-slider-rotate-v3-mob,logo,_preview.png,NA,NA,NA,NA,NA,NA,NA,NA
adunit-showtime-dexture-post-mpu,logo,_preview.png,NA,NA,NA,NA,NA,NA,NA,NA
7fc571f85358c5d37efafde99b6896d7,logo,_preview.png,NA,NA,NA,NA,NA,NA,NA,NA
adunit-jaguar-nameplate-refresh-rfb-mpu,logo,_preview.png,NA,NA,NA,NA,NA,NA,NA,NA
79c36d2adb94900291f5ddf1f6580c43,f4-logo.png,_preview.png,0,0,600,500,500,600,500,600
c7ecd71b4632aea2ffca69a1d079b290,logo.png,_preview.png,55,405,552,562,157,497,900,600
adunit-subway-better-for-you-mpu,logo,_preview.png,NA,NA,NA,NA,NA,NA,NA,NA
8fa19496d906812e1f44a983d347ee63,logo,_preview.png,NA,NA,NA,NA,NA,NA,NA,NA
3ef8b18ef78ad050d1a76b801d97a08c,logo,_preview.png,NA,NA,NA,NA,NA,NA,NA,NA
adunit-western-union-sensory-unit-swipe-up-tap-mpu,logo,_preview.png,NA,NA,NA,NA,NA,NA,NA,NA
7f25293ac6d5c570749cea2af84e8439,logo,_preview.png,NA,NA,NA,NA,NA,NA,NA,NA
3c23316180b7da3e712c0596fa01ff74,logo.png,_preview.png,100,10,504,161,151,404,500,600
459c60702cfaae32207a161b693df47c,f2-logo.png,_preview.png,89,6,511,202,196,422,900,600
adunit-standardchartered-bio-mob,logo,_preview.png,NA,NA,NA,NA,NA,NA,NA,NA
adunit-mouser-user-choice-v2-cpe-av-mob,logo,_preview.png,NA,NA,NA,NA,NA,NA,NA,NA
61eb910425767fd90074a958328bee6a,logo,_preview.png,NA,NA,NA,NA,NA,NA,NA,NA
adunit-facebook-conversational-commerce-3-0-vn-unit2-v2-mob,logo,_preview.png,NA,NA,NA,NA,NA,NA,NA,NA
3a5bb9945be02e4181eee1dec5c25edc,logo.jpg,_preview.png,0,0,600,200,200,600,500,600
e656e46e3a4dc66fc0baa433c94bfd1a,logo,_preview.png,NA,NA,NA,NA,NA,NA,NA,NA
4264eae0ad6e1cbcea3d73d88becb787,logo.png,_preview.png,188,33,413,108,75,225,900,600
adunit-showtime-dexter-sensory-plus-video-canvas-post-mpu,logo,_preview.png,NA,NA,NA,NA,NA,NA,NA,NA
6a3dbf08b82e45b3f3e79844f3a9aa18,logo,_preview.png,NA,NA,NA,NA,NA,NA,NA,NA
adunit-facebook-conversational-commerce-3-0-vn-unit2-mpu,logo,_preview.png,NA,NA,NA,NA,NA,NA,NA,NA
adunit-kitkat-golden-break-gamify-en-mob,logo,_preview.png,NA,NA,NA,NA,NA,NA,NA,NA
29383bc5de5a62c642fb9434d71863e7,logo,_preview.png,NA,NA,NA,NA,NA,NA,NA,NA
9278a3d31c76eaa929d2326e1b2062e1,logo.jpg,_preview.png,0,801,600,900,99,600,900,600
b768aedc20d9c135b355b7cd8e8beff3,logo,_preview.png,NA,NA,NA,NA,NA,NA,NA,NA
ee11627c036ee9772446b6e3ac9da649,logo.png,_preview.png,162,39,438,86,47,276,900,600
07f93a53c25007301d276ec20e7be491,end-logo.png,_preview.png,53,384,552,530,146,499,900,600
2a6bbf47edb9f1cb3a722784c5e73e83,logo.png,_preview.png,188,20,412,71,51,224,900,600
adunit-simple-feast-build-for-industry-survey-q3-mob,logo,_preview.png,NA,NA,NA,NA,NA,NA,NA,NA
adunit-gme-user-choice-mpu,logo,_preview.png,NA,NA,NA,NA,NA,NA,NA,NA
3a9208f5502fa4ad01ddf92a77a0e8a3,logo.png,_preview.png,185,8,422,68,60,237,500,600
404c5d32b088d0869fd7774ce7582f89,logo.png,_preview.png,30,30,180,91,61,150,500,600
b1e8cf36fefced5b9f20d291026b06db,logo,_preview.png,NA,NA,NA,NA,NA,NA,NA,NA
b285c9ac9aa1669a7350e4c4594ea571,logo,_preview.png,NA,NA,NA,NA,NA,NA,NA,NA
b8595cc38764f2c30d986c4c8080671c,logo,_preview.png,NA,NA,NA,NA,NA,NA,NA,NA
42dd2154c1b6f67a461463cf322c9830,logo.png,_preview.png,0,0,457,141,141,457,900,600
adunit-mouser-user-choice-v2-cpe-canada-mob,logo,_preview.png,NA,NA,NA,NA,NA,NA,NA,NA
7db3a9c286b1a445845bad68ff95f2bb,video-logo.png,_preview.png,17,15,580,179,164,563,900,600
adunit-yamaha-wolverine-user-choice-av-mob,logo,_preview.png,NA,NA,NA,NA,NA,NA,NA,NA
adunit-van-cleef-and-arpels-frivole-wave-unit1-mpu,logo,_preview.png,NA,NA,NA,NA,NA,NA,NA,NA
adunit-gme-user-choice-mob,logo,_preview.png,NA,NA,NA,NA,NA,NA,NA,NA
73adaebd0fbf7778d06d9d711ba5c152,logo,_preview.png,NA,NA,NA,NA,NA,NA,NA,NA
3bc6564698bdf9559b98b255737bbedb,logo,_preview.png,NA,NA,NA,NA,NA,NA,NA,NA
df89c44299ec66120e89ab1d1296c26f,logo,_preview.png,NA,NA,NA,NA,NA,NA,NA,NA
adunit-van-cleef-and-arpels-frivole-wave-unit1-mob,logo,_preview.png,NA,NA,NA,NA,NA,NA,NA,NA
39d4594499ca9372338b51f71e0b6681,logo.png,_preview.png,36,36,300,72,36,264,900,600
3c35998c3f4a279a008ac3ffd8481fea,logo,_preview.png,NA,NA,NA,NA,NA,NA,NA,NA
adunit-chevy-tap-and-hold-600-1200-mob,logo,_preview.png,NA,NA,NA,NA,NA,NA,NA,NA
c706a9ad6b0c2ee9295fe40dfa5b0615,logo.png,_preview.png,40,383,398,498,115,358,500,600
8b6e13cab4903dffde5588ea2ab0c2a2,logo,_preview.png,NA,NA,NA,NA,NA,NA,NA,NA
adunit-chevy-tap-final-mpu,logo,_preview.png,NA,NA,NA,NA,NA,NA,NA,NA
637244e2ca7b57187bd1b563a5b85846,logo,_preview.png,NA,NA,NA,NA,NA,NA,NA,NA
99558df7a3e64e9b15c34c20f44f038a,logo.png,_preview.png,148,37,452,112,75,304,900,600
39825c2c74eae1fd9c73da842617d2da,logo.png,_preview.png,416,799,570,858,59,154,900,600
ed9fd46313a5bce5f00d5fd720e5880f,logo,_preview.png,NA,NA,NA,NA,NA,NA,NA,NA
c176d5a3e27117bc90e3820434a024d9,logo,_preview.png,NA,NA,NA,NA,NA,NA,NA,NA
adunit-vodacom-ciot-curve-v1-mob,logo,_preview.png,NA,NA,NA,NA,NA,NA,NA,NA
bf1f7af46eec0e92939a8b3ba51cbacd,logo.png,_preview.png,89,6,511,202,196,422,900,600
adunit-western-union-sensory-unit-swipe-right-tap-mob,logo,_preview.png,NA,NA,NA,NA,NA,NA,NA,NA
26e54c41e45e7bd0899b90fdacf124fd,logo,_preview.png,NA,NA,NA,NA,NA,NA,NA,NA
adunit-mouser-user-choice-v2-cpe-av-canada-mpu,logo,_preview.png,NA,NA,NA,NA,NA,NA,NA,NA
d1e28a38a4e871527e62543540d0e7a7,logo.png,_preview.png,148,36,517,214,178,369,500,600
f5f846befe806be6021ff34f9fd60547,logo,_preview.png,NA,NA,NA,NA,NA,NA,NA,NA
b4d26946d68754d77027cc419d36892f,logo,_preview.png,NA,NA,NA,NA,NA,NA,NA,NA
adunit-nestle-maggi-varieties-bouillon-en-ksa-mob,logo,_preview.png,NA,NA,NA,NA,NA,NA,NA,NA
96510a48f1e13c601687e80f5d60670b,logo.png,_preview.png,0,0,600,152,152,600,900,600
adunit-lionsgate-uwomt-user-slider-sensory-video-final-tune2-mpu,logo,_preview.png,NA,NA,NA,NA,NA,NA,NA,NA
09f35af0a30b37dce2f1a5ad7f143293,logo.png,_preview.png,190,27,410,151,124,220,900,600
adunit-mouser-user-choice-v2-cpe-mob,logo,_preview.png,NA,NA,NA,NA,NA,NA,NA,NA
4443d262f14a8d6d58655dcf2e8c4542,logo,_preview.png,NA,NA,NA,NA,NA,NA,NA,NA
adunit-nutrella-barrilito-mpu,logo,_preview.png,NA,NA,NA,NA,NA,NA,NA,NA
3f08e75ebd9b0ca68ffd298893647a13,logo.png,_preview.png,0,0,600,500,500,600,500,600
c21bfafc138cf023080098b0f7a439d0,logo.png,_preview.png,162,39,438,86,47,276,900,600
adunit-mouser-user-choice-flight4-canada-cpe-av-mob,logo,_preview.png,NA,NA,NA,NA,NA,NA,NA,NA
adunit-facebook-conversational-commerce-3-0-vn-unit1-mpu,logo,_preview.png,NA,NA,NA,NA,NA,NA,NA,NA
65299151bf4cbd1825d28e4a43d113ac,logo,_preview.png,NA,NA,NA,NA,NA,NA,NA,NA
adunit-mouser-user-choice-cpe-canada-mob,logo,_preview.png,NA,NA,NA,NA,NA,NA,NA,NA
adunit-j-and-j-e-commerce-v1-mob,logo,_preview.png,NA,NA,NA,NA,NA,NA,NA,NA
3ff8db0779a25d3a9b92aebfb0eebe69,logo,_preview.png,NA,NA,NA,NA,NA,NA,NA,NA
d3a2aee36af8bf076d1111a6115be31b,logo,_preview.png,NA,NA,NA,NA,NA,NA,NA,NA
b7aa3693292fc7cf17f4fc1da680bf5d,logo,_preview.png,NA,NA,NA,NA,NA,NA,NA,NA
015f38df736f5a9498b18a1d12170187,logo,_preview.png,NA,NA,NA,NA,NA,NA,NA,NA
db69df88f5a7b1540d4ff829bffb97f9,logo.jpg,_preview.png,0,0,600,900,900,600,900,600
22c8ca74c84370214de628417aff20d6,logo,_preview.png,NA,NA,NA,NA,NA,NA,NA,NA
d6875bfe73a3abc7eea25b7de121c643,logo.jpg,_preview.png,0,0,600,132,132,600,900,600
6939c3f395fc2317da25fa5b19580c68,logo,_preview.png,NA,NA,NA,NA,NA,NA,NA,NA
adunit-city-square-mall-cny-mob,logo,_preview.png,NA,NA,NA,NA,NA,NA,NA,NA
adunit-nestle-purina-friskies-arabic-mob,logo,_preview.png,NA,NA,NA,NA,NA,NA,NA,NA
cc60737a3e2f6b713484916327764a5f,logo.png,_preview.png,69,360,191,482,122,122,900,600
adunit-christian-dior-popup-store-mpu,logo,_preview.png,NA,NA,NA,NA,NA,NA,NA,NA
f6c6774bb267182cf248fd64a5b25b59,f5-logo.png,_preview.png,135,42,466,85,43,331,900,600
3c99774ddf5babcf91ae21f76e9f4508,logo.png,_preview.png,9,18,572,219,201,563,500,600
adunit-the-botanist-gin-mpu,logo,_preview.png,NA,NA,NA,NA,NA,NA,NA,NA
255d22983f0277734d8063562fad31b7,logo.png,_preview.png,28,40,576,884,844,548,900,600
adunit-mouser-user-choice-v3-canada-cpe-av-mob,logo,_preview.png,NA,NA,NA,NA,NA,NA,NA,NA
adunit-heineken-sa-celebrations-bio-v2-mob,logo,_preview.png,NA,NA,NA,NA,NA,NA,NA,NA
3ae630f06b5d395a7a0db157c2430093,logo,_preview.png,NA,NA,NA,NA,NA,NA,NA,NA
4a626b2e90bd71acc2ef014c7e1123c7,logo,_preview.png,NA,NA,NA,NA,NA,NA,NA,NA
adunit-gme-sensory-video-add-unmute-button-v2-mob,logo,_preview.png,NA,NA,NA,NA,NA,NA,NA,NA
adunit-jaguar-nameplate-refresh-rc-mob,logo,_preview.png,NA,NA,NA,NA,NA,NA,NA,NA
ea140a50dd4921ef96e08552e6eb9cc7,logo.png,_preview.png,0,0,406,120,120,406,500,600
adunit-simple-feast-build-for-industry-survey-q2-mob,logo,_preview.png,NA,NA,NA,NA,NA,NA,NA,NA
4e3305a488faf871189cce9831a6c863,rev-logo-tune-1.png,_preview.png,189,638,451,819,181,262,900,600
495fb61f38dd39cd7fba4bb81af6c8f5,logo,_preview.png,NA,NA,NA,NA,NA,NA,NA,NA
adunit-lexus-video-carousel-mpu,logo,_preview.png,NA,NA,NA,NA,NA,NA,NA,NA
4b17a1c22c7a81c721608629b84b8b80,logo,_preview.png,NA,NA,NA,NA,NA,NA,NA,NA
adunit-scotch-brite-gamification-mpu,logo,_preview.png,NA,NA,NA,NA,NA,NA,NA,NA
ff88446626571f68e23c4b07063fd806,logo,_preview.png,NA,NA,NA,NA,NA,NA,NA,NA
5dea9aa4ca7a1f9a0d65d85ebece9522,logo,_preview.png,NA,NA,NA,NA,NA,NA,NA,NA
2a7069f1ccdc33dd1f7a200e3026b4ad,logo.png,_preview.png,9,18,572,219,201,563,500,600
adunit-mouser-user-choice-v3-us-cpe-mob,logo,_preview.png,NA,NA,NA,NA,NA,NA,NA,NA
92ecf0b80b7483c89eb72a551484970a,logo,_preview.png,NA,NA,NA,NA,NA,NA,NA,NA
adunit-milk-user-slide-v1-mob,logo,_preview.png,NA,NA,NA,NA,NA,NA,NA,NA
b8d87efae84799bd340ce653954a11b1,logo.png,_preview.png,365,525,599,615,90,234,900,600
adunit-mouser-user-choice-v2-cpe-uk-mob,logo,_preview.png,NA,NA,NA,NA,NA,NA,NA,NA
adunit-mouser-user-choice-cpe-uk-mpu,logo,_preview.png,NA,NA,NA,NA,NA,NA,NA,NA
75ada73f9b02a1f6e04f1bf69d5bd007,logo.png,_preview.png,62,35,533,160,125,471,900,600
adunit-j-and-j-listerine-tonic3-exxon-mpu,logo,_preview.png,NA,NA,NA,NA,NA,NA,NA,NA
3ee05bbb667222104101da1831329c3c,logo,_preview.png,NA,NA,NA,NA,NA,NA,NA,NA
b34d551e23ad7ce5a494453bcc409ccc,logo,_preview.png,NA,NA,NA,NA,NA,NA,NA,NA
adunit-mouser-user-choice-v3-us-cpe-av-mob,logo,_preview.png,NA,NA,NA,NA,NA,NA,NA,NA
adunit-ggpoker-gamification-user-choice-mpu,logo,_preview.png,NA,NA,NA,NA,NA,NA,NA,NA
adunit-cartier-clash-swipe-or-tap-to-scroll-mob,logo,_preview.png,NA,NA,NA,NA,NA,NA,NA,NA
adunit-chevy-user-slider-seat-interior-300-600-cpe-av-mob,logo,_preview.png,NA,NA,NA,NA,NA,NA,NA,NA
adunit-nestle-maggi-varieties-bouillon-ar-uae-mpu,logo,_preview.png,NA,NA,NA,NA,NA,NA,NA,NA
adunit-subway-better-for-you-mob,logo,_preview.png,NA,NA,NA,NA,NA,NA,NA,NA
adunit-yamaha-wolverine-user-choice-cpe-mob,logo,_preview.png,NA,NA,NA,NA,NA,NA,NA,NA
c94556717fc1d3783d27f51ae1b5350e,start-logo.png,_preview.png,30,30,172,93,63,142,500,600
adunit-ihop-ihoppy-hour-save-dollar-5-mob,logo,_preview.png,NA,NA,NA,NA,NA,NA,NA,NA
7e0b86cf99bbb9152f0d510d36f84f40,logo,_preview.png,NA,NA,NA,NA,NA,NA,NA,NA
0814384db6d5dac4b55e781d99eeb4cb,logo,_preview.png,NA,NA,NA,NA,NA,NA,NA,NA
0a59be2e7dd53d6de11a10ce3649c081,logo,_preview.png,NA,NA,NA,NA,NA,NA,NA,NA
269d061e1b507338d8b4c69676f9ffa1,logo.png,_preview.png,180,40,420,100,60,240,900,600
3ba7994ec2ea0b953b57457bd25ac857,logo,_preview.png,NA,NA,NA,NA,NA,NA,NA,NA
76fe8ed6d5462ff2cc0ee750d2221a52,logo,_preview.png,NA,NA,NA,NA,NA,NA,NA,NA
adunit-jaguar-nameplate-refresh-rfb-mob,logo,_preview.png,NA,NA,NA,NA,NA,NA,NA,NA
b42473e8fdb0b3d6ea798f4118ef23aa,logo,_preview.png,NA,NA,NA,NA,NA,NA,NA,NA
c0ccae16df156f9744c8c74e252ad00b,logo.jpg,_preview.png,0,0,600,500,500,600,500,600
782fd6ca8cf0483d38a3d685a9cdb536,logo.jpg,_preview.png,0,0,600,100,100,600,500,600
adunit-ihop-ihoppy-hour-mpu,logo.png,_preview.png,0,0,600,500,500,600,500,600
f38dae81fae6d60408100503e4661ac6,logo,_preview.png,NA,NA,NA,NA,NA,NA,NA,NA
424a4a0bfde5a836ed93394a8c099b17,logo,_preview.png,NA,NA,NA,NA,NA,NA,NA,NA
83952985710c8e1646ac09269938e730,logo,_preview.png,NA,NA,NA,NA,NA,NA,NA,NA
adunit-western-union-sensory-unit-swipe-right-v2-mpu,logo,_preview.png,NA,NA,NA,NA,NA,NA,NA,NA
adunit-chevy-tap-and-hold-600-1200-final-mob,logo,_preview.png,NA,NA,NA,NA,NA,NA,NA,NA
adunit-scotch-brite-gamification-thai-mob,logo,_preview.png,NA,NA,NA,NA,NA,NA,NA,NA
f125ec6ad94bd7b93c1502fb7e16e2ba,logo,_preview.png,NA,NA,NA,NA,NA,NA,NA,NA
6befe54086758294b47addf0c12052a7,logo,_preview.png,NA,NA,NA,NA,NA,NA,NA,NA
ba62e65857faee399998f5d4dad7feaf,logo,_preview.png,NA,NA,NA,NA,NA,NA,NA,NA
adunit-lexus-video-carousel-cpe-mob,logo,_preview.png,NA,NA,NA,NA,NA,NA,NA,NA
d2210530c4400ba1eaf5f712b646e7e6,logo,_preview.png,NA,NA,NA,NA,NA,NA,NA,NA
adunit-yamaha-x2-x4-userchoice-cpe-mpu,logo,_preview.png,NA,NA,NA,NA,NA,NA,NA,NA
05fa49d47b280182d4684b9f3358ded4,logo_2.png,_preview.png,0,32,504,281,249,504,500,600
adunit-mouser-user-choice-cpe-av-canada-mpu,logo,_preview.png,NA,NA,NA,NA,NA,NA,NA,NA
adunit-cartier-clash-swipe-or-tap-to-scroll-ch-mpu,logo,_preview.png,NA,NA,NA,NA,NA,NA,NA,NA
65d2519c16266cf9a3b1a8a3d2d82c99,logo,_preview.png,NA,NA,NA,NA,NA,NA,NA,NA
28c88e21eaae4c3db86fe5a48ae9c7d5,logo,_preview.png,NA,NA,NA,NA,NA,NA,NA,NA
251daf76d78711e74c9b441f4bb62834,logo.png,_preview.png,49,38,552,117,79,503,900,600
adunit-nestle-maggi-varieties-bouillon-en-ksa-mpu,logo,_preview.png,NA,NA,NA,NA,NA,NA,NA,NA
adunit-femsa-coca-cola-new-sugar-free-mob,logo,_preview.png,NA,NA,NA,NA,NA,NA,NA,NA
adunit-ihop-window4-scary-face-mob,f2-ihop-logo.png,_preview.png,295,707,463,797,90,168,900,600
adunit-lionsgate-uwomt-sensory-plus-tune-3-mob,logo,_preview.png,NA,NA,NA,NA,NA,NA,NA,NA
d485045274821654173302dc5c7783c9,logo,_preview.png,NA,NA,NA,NA,NA,NA,NA,NA
dd43631ca1bf97d6c4966780b1f13a87,logo,_preview.png,NA,NA,NA,NA,NA,NA,NA,NA
adunit-engagement-plus-ihop-evergreen-olo-drag-left-mpu,logo,_preview.png,NA,NA,NA,NA,NA,NA,NA,NA
adunit-cartier-clash-swipe-or-tap-to-scroll-mpu,logo,_preview.png,NA,NA,NA,NA,NA,NA,NA,NA
42c5b4b367187c29ac8fdd78c70837d6,logo.png,_preview.png,127,296,471,459,163,344,900,600
0736dda52dd3ef12dc4f82fb51b1becd,logo-dop.png,_preview.png,31,118,275,241,123,244,500,600
0301a5865ecfd7c5a1653dde10a5aedf,logo,_preview.png,NA,NA,NA,NA,NA,NA,NA,NA
6ae22e38b45ebb28b3202d7cf8515ce4,logo,_preview.png,NA,NA,NA,NA,NA,NA,NA,NA
5a48ffcbf611f167ecbb884e807f31f6,logo,_preview.png,NA,NA,NA,NA,NA,NA,NA,NA
3d18cfe28f2fbadff32db07a2132e12c,f2-logo.png,_preview.png,89,6,511,202,196,422,900,600
698aa039cb003c1773b68cf89ab37096,logo.png,_preview.png,186,815,445,900,85,259,900,600
adunit-yamaha-wolverine-user-choice-av-reuse-mob,logo,_preview.png,NA,NA,NA,NA,NA,NA,NA,NA
adunit-mouser-user-choice-v2-cpe-aus-nz-mpu,logo,_preview.png,NA,NA,NA,NA,NA,NA,NA,NA
adunit-mouser-user-choice-v2-cpe-mpu,logo,_preview.png,NA,NA,NA,NA,NA,NA,NA,NA
adunit-instagram-bio-mob,logo,_preview.png,NA,NA,NA,NA,NA,NA,NA,NA
adunit-mouser-user-choice-flight4-uk-cpe-av-mob,logo,_preview.png,NA,NA,NA,NA,NA,NA,NA,NA
e6e771ae6f00d0f2ada4d2280cfd7740,logo,_preview.png,NA,NA,NA,NA,NA,NA,NA,NA
f95ed1b647ad098a3738f1b58142decd,logo,_preview.png,NA,NA,NA,NA,NA,NA,NA,NA
4f435640fb278b789726bbcd47ce5daf,logo,_preview.png,NA,NA,NA,NA,NA,NA,NA,NA
adunit-van-cleef-and-arpels-alhambra-and-frivole-q2-bio,logo,_preview.png,NA,NA,NA,NA,NA,NA,NA,NA
b16e25c480f043e4be7d8e011bfa5e95,bottom-logo.png,_preview.png,0,417,156,500,83,156,500,600
adunit-not-co-icecream-br-mpu,logo,_preview.png,NA,NA,NA,NA,NA,NA,NA,NA
3a3878c4fa9698438884f2288bdd1ea2,logo.jpg,_preview.png,0,0,600,200,200,600,500,600
e1abe0c4a3df40bbb0d35d089caa13a5,logo.jpg,_preview.png,0,0,600,200,200,600,500,600
65fb17277b3fbfe200f6ac90f0717c48,logo,_preview.png,NA,NA,NA,NA,NA,NA,NA,NA
085e477e7aa74fc3a222bcb4385000be,logo,_preview.png,NA,NA,NA,NA,NA,NA,NA,NA
adunit-lionsgate-spiral-new-2-puzzle-v5-mpu,logo,_preview.png,NA,NA,NA,NA,NA,NA,NA,NA
06162b54235c76bfc73c297dd000614a,end-logo-three.png,_preview.png,0,0,598,895,895,598,900,600
adunit-windhoek-beer-year-end-2021-bio-v1-mob,logo,_preview.png,NA,NA,NA,NA,NA,NA,NA,NA
3d8be6f0a1e1c248a02befc0dd3f6bec,logoends.png,_preview.png,0,0,600,900,900,600,900,600
2b7e702f208b7fd60d15d0bdadd269f4,logo01.png,_preview.png,0,785,600,862,77,600,900,600
fac33ac29ac616dfa0053558c1a3c03c,logo,_preview.png,NA,NA,NA,NA,NA,NA,NA,NA
adunit-mouser-user-choice-flight4-uk-cpe-mob,logo,_preview.png,NA,NA,NA,NA,NA,NA,NA,NA
ca1d489a0c1849845cb7144e51b0a7a1,logo.png,_preview.png,206,25,401,73,48,195,500,600
adunit-lionsgate-moonfall-parallax-dec-mpu,logo,_preview.png,NA,NA,NA,NA,NA,NA,NA,NA
2842f18b64fb7ac0661021da97de0def,logo,_preview.png,NA,NA,NA,NA,NA,NA,NA,NA
adunit-ge-biofuel-userchoice-mob,logo,_preview.png,NA,NA,NA,NA,NA,NA,NA,NA
4247849793e2e0d3082ee5151a7e9416,logo,_preview.png,NA,NA,NA,NA,NA,NA,NA,NA
c38c56f98c1db74d1f613ec31d8bcf75,logo,_preview.png,NA,NA,NA,NA,NA,NA,NA,NA
b046eee3c13e2f88aba3c40743093d13,logo,_preview.png,NA,NA,NA,NA,NA,NA,NA,NA
adunit-doritos-niknaks-v1-mob,logo,_preview.png,NA,NA,NA,NA,NA,NA,NA,NA
9d7dacc59d5bfde6cfaa17d2604ae9d5,logo,_preview.png,NA,NA,NA,NA,NA,NA,NA,NA
43a29939d9ac51d99f5e3b4822914efe,logo,_preview.png,NA,NA,NA,NA,NA,NA,NA,NA
21d4924d608d1258ea35a53b314660bc,logo.png,_preview.png,88,199,513,251,52,425,500,600
c4b651056516bc245b6b0dd78c2b192c,video-logo.png,_preview.png,22,720,578,753,33,556,900,600
406833de6c44d0a19ab9db1559828563,logo,_preview.png,NA,NA,NA,NA,NA,NA,NA,NA
ec53b0973db5a35d83fd5bb009802bdb,logo,_preview.png,NA,NA,NA,NA,NA,NA,NA,NA
050fd94fd028e2b766dcbfa5a9586d2c,logo-tab.png,_preview.png,348,587,576,702,115,228,900,600
95585c17779c722e67067c189cf15d63,logo,_preview.png,NA,NA,NA,NA,NA,NA,NA,NA
f6525e69f4bbebe1b522d463080006ce,logo,_preview.png,NA,NA,NA,NA,NA,NA,NA,NA
adunit-chevy-panoramic-hotspot-explorer-cpe-av-mob,logo,_preview.png,NA,NA,NA,NA,NA,NA,NA,NA
3bc12d2bdea947d4502e885b6d9aa442,logo.png,_preview.png,0,278,600,406,128,600,900,600
adunit-grofers-veggies-noodles-mob,logo,_preview.png,NA,NA,NA,NA,NA,NA,NA,NA
adunit-ge-biofuel-userchoice-mpu,logo,_preview.png,NA,NA,NA,NA,NA,NA,NA,NA
c911bb936656e056779e31c273417b46,logo,_preview.png,NA,NA,NA,NA,NA,NA,NA,NA
437ff18f66a2e2351c45582104ec8b65,logo,_preview.png,NA,NA,NA,NA,NA,NA,NA,NA
00dfe88c4d3fb60793765d314bf24b7c,logo,_preview.png,NA,NA,NA,NA,NA,NA,NA,NA
adunit-not-co-icecream-br-mob,logo,_preview.png,NA,NA,NA,NA,NA,NA,NA,NA
3f435a895024e81fd5126354c7972b0f,logo,_preview.png,NA,NA,NA,NA,NA,NA,NA,NA
adunit-mouser-user-choice-flight4-canada-cpe-av-mpu,logo,_preview.png,NA,NA,NA,NA,NA,NA,NA,NA
adunit-engagement-plus-ihop-evergreen-olo-drag-right-mob,logo,_preview.png,NA,NA,NA,NA,NA,NA,NA,NA
d37f1a5e7d90e81756244e1bff3141bc,logo,_preview.png,NA,NA,NA,NA,NA,NA,NA,NA
ee5f0e9c4a1296a30944be613ab2028c,logo.png,_preview.png,230,48,370,93,45,140,900,600
ecc6562c52ea0a03f794e7cec023bd0b,logo,_preview.png,NA,NA,NA,NA,NA,NA,NA,NA
0b1ee11406e97cc6fb4229deeb19e6b7,logo,_preview.png,NA,NA,NA,NA,NA,NA,NA,NA
00508a6979fdd9c2e5f8c68bfefe5f71,logo,_preview.png,NA,NA,NA,NA,NA,NA,NA,NA
ae30ff3cae1f369954f5e91499b9e515,logo,_preview.png,NA,NA,NA,NA,NA,NA,NA,NA
6d72ce3e20781f20fb420b30d3dd8b0e,logo,_preview.png,NA,NA,NA,NA,NA,NA,NA,NA
af2eecc9194b8e3596bdb9d669f61715,logo,_preview.png,NA,NA,NA,NA,NA,NA,NA,NA
fef95c5e1ee5bc235b56d7c508d3bcd0,logo,_preview.png,NA,NA,NA,NA,NA,NA,NA,NA
adunit-milk-user-slide-v2-mob,logo,_preview.png,NA,NA,NA,NA,NA,NA,NA,NA
adunit-chevy-tap-and-hold-mob,logo,_preview.png,NA,NA,NA,NA,NA,NA,NA,NA
adunit-mouser-user-choice-flight4-canada-cpe-mob,logo,_preview.png,NA,NA,NA,NA,NA,NA,NA,NA
adunit-yamaha-sensory-plus-video-mpu,logo,_preview.png,NA,NA,NA,NA,NA,NA,NA,NA
adunit-lexus-video-carousel-mob,logo,_preview.png,NA,NA,NA,NA,NA,NA,NA,NA
23fb8e9094b55306b08f7157c4b5ec43,logo.png,_preview.png,42,358,558,390,32,516,500,600
adunit-therezopolis-beer-chegou-mob,logo,_preview.png,NA,NA,NA,NA,NA,NA,NA,NA
9ecf3c519703026495d4f82df8bb2388,logo.png,_preview.png,171,57,429,176,119,258,500,600
adunit-jaguar-nameplate-refresh-v2-lca-mob,logo,_preview.png,NA,NA,NA,NA,NA,NA,NA,NA
edd62a365ff46ae8c2e7a88dcb48ba56,logo.png,_preview.png,54,411,544,489,78,490,900,600
adunit-van-cleef-and-arpels-frivole-wave-unit2-tap-version-mob,logo,_preview.png,NA,NA,NA,NA,NA,NA,NA,NA
adunit-j12-tw-mob,logo,_preview.png,NA,NA,NA,NA,NA,NA,NA,NA
adunit-yamaha-wolverine-user-choice-cpe-mpu,logo,_preview.png,NA,NA,NA,NA,NA,NA,NA,NA
adunit-gm-ces-user-choice-mob,logo,_preview.png,NA,NA,NA,NA,NA,NA,NA,NA
267aa12df20c85a8c215e3d6f7a74879,logo,_preview.png,NA,NA,NA,NA,NA,NA,NA,NA
f43220f51d51bba30046e637600bd773,logo,_preview.png,NA,NA,NA,NA,NA,NA,NA,NA
28a291ca9f966fdc0e1bc917c019aced,logo,_preview.png,NA,NA,NA,NA,NA,NA,NA,NA
b6519446fad0a84445faf9620f0fa02e,logo,_preview.png,NA,NA,NA,NA,NA,NA,NA,NA
85d3838428307a4c8b16712bdc15330e,logo,_preview.png,NA,NA,NA,NA,NA,NA,NA,NA
adunit-scotch-brite-gamification-v2-mob,logo,_preview.png,NA,NA,NA,NA,NA,NA,NA,NA
3f749b8fd9e49bca68b5fdc0ca391cd8,endlogo.png,_preview.png,280,43,533,223,180,253,900,600
5a051f7c0a58d5301f9953827218bc55,f2-logo.png,_preview.png,89,6,511,202,196,422,900,600
2aab06df5509c6727fd35c7344796eb1,logo,_preview.png,NA,NA,NA,NA,NA,NA,NA,NA
adunit-lionsgate-moonfall-parallax-cta4-mpu,logo,_preview.png,NA,NA,NA,NA,NA,NA,NA,NA
4e232e906e1e6a2b6cd8eedc467905f2,logo,_preview.png,NA,NA,NA,NA,NA,NA,NA,NA
adunit-showtime-first-lady-sensory-plus-mob,logo,_preview.png,NA,NA,NA,NA,NA,NA,NA,NA
fb755cbcc0e9b7069382745e6841f2ba,logo.png,_preview.png,367,218,504,368,150,137,900,600
db4c6d9a38437a0b76bb047ca37519d4,logo,_preview.png,NA,NA,NA,NA,NA,NA,NA,NA
b58595e2670fde268a1c6dc7b9fc8ba3,logo.png,_preview.png,129,622,478,789,167,349,900,600
79e5acae0b9e9789b90f0b362f449eb1,logo.png,_preview.png,0,0,600,500,500,600,500,600
adunit-yamaha-wolverine-user-choice-av-mpu,logo,_preview.png,NA,NA,NA,NA,NA,NA,NA,NA
9f157ba406572210d000f1478e8e656c,logo,_preview.png,NA,NA,NA,NA,NA,NA,NA,NA
adunit-simple-feast-build-for-industry-survey-q5-mob,logo,_preview.png,NA,NA,NA,NA,NA,NA,NA,NA
6280249e98882910535061f21ae36875,logo,_preview.png,NA,NA,NA,NA,NA,NA,NA,NA
adunit-therezopolis-beer-chegou-mpu,logo,_preview.png,NA,NA,NA,NA,NA,NA,NA,NA
adunit-scotch-brite-gamification-thai-mpu,logo,_preview.png,NA,NA,NA,NA,NA,NA,NA,NA
adunit-lionsgate-uwomt-user-slider-sensory-video-final-tune4-mpu,logo,_preview.png,NA,NA,NA,NA,NA,NA,NA,NA
c8a1bbadb8931aee1d1438ae9962814e,logo,_preview.png,NA,NA,NA,NA,NA,NA,NA,NA
be6513d80192c25426e5e8f24e6e4dea,logo,_preview.png,NA,NA,NA,NA,NA,NA,NA,NA
adunit-ihop-ihoppy-hour-20-percent-off-mpu,logo.jpg,_preview.png,0,0,600,500,500,600,500,600
82c919a29087bad5dbedb9b64247e6d6,logo,_preview.png,NA,NA,NA,NA,NA,NA,NA,NA
4799763419d621cd41e7fb8abbcdd45d,logo,_preview.png,NA,NA,NA,NA,NA,NA,NA,NA
73bfd5e041e99938ca1ef8b1e2355e02,logo,_preview.png,NA,NA,NA,NA,NA,NA,NA,NA
3e9add27f21781f8a3c227f5b9a1da31,logo.png,_preview.png,72,65,527,206,141,455,900,600
045a67d8bbba2805d2e421bc5b83d775,logo.png,_preview.png,180,25,421,68,43,241,500,600
adunit-ihop-ihoppy-hour-no-offer-mpu,logo,_preview.png,NA,NA,NA,NA,NA,NA,NA,NA
596052151e9fd6031a05ed88473b7445,logo,_preview.png,NA,NA,NA,NA,NA,NA,NA,NA
adunit-samsung-r9-launch-mob,logo,_preview.png,NA,NA,NA,NA,NA,NA,NA,NA
adunit-chevy-user-slider-seat-interior-v1-cpe-av-mpu,logo,_preview.png,NA,NA,NA,NA,NA,NA,NA,NA
adunit-scotch-brite-scrub-dots-sponge-tap-mob,logo,_preview.png,NA,NA,NA,NA,NA,NA,NA,NA
be3f931b8039ef187f1dcfa3d488c041,logo,_preview.png,NA,NA,NA,NA,NA,NA,NA,NA
adunit-zee-punjabi-antakshari-in-mpu,logo,_preview.png,NA,NA,NA,NA,NA,NA,NA,NA
adunit-chanel-j12-tw-white-en-2022-mpu,logo,_preview.png,NA,NA,NA,NA,NA,NA,NA,NA
3fb5ad02f38444843e343df0b505841d,logo,_preview.png,NA,NA,NA,NA,NA,NA,NA,NA
6c9f892bee893be71087c8300010d9a8,logo,_preview.png,NA,NA,NA,NA,NA,NA,NA,NA
4246216d92d4ceaf0580115dd775c2e2,logo,_preview.png,NA,NA,NA,NA,NA,NA,NA,NA
e0c8ecc4ba1bc299fb4e43f6faccffb9,logo.png,_preview.png,0,0,600,900,900,600,900,600
600c1fdc6860cf16358e00cc238a42f6,logo.png,_preview.png,51,410,550,491,81,499,900,600
adunit-hitmans-wifes-body-guard-user-choice-v1-mob,logo,_preview.png,NA,NA,NA,NA,NA,NA,NA,NA
adunit-jaguar-nameplate-refresh-lca-mpu,logo,_preview.png,NA,NA,NA,NA,NA,NA,NA,NA
995eb7a981794358eaa84a46cde6c288,logo,_preview.png,NA,NA,NA,NA,NA,NA,NA,NA
053e01474c777e16d2ac04c884685457,logo.png,_preview.png,168,129,431,361,232,263,500,600
248ad697696f5e5ef82b968bfe5480ba,logo,_preview.png,NA,NA,NA,NA,NA,NA,NA,NA
e08fda6d23b50ed0e9ec2fed06e21518,logo.jpg,_preview.png,0,0,600,900,900,600,900,600
e1ebbff8accc9d16ea82e3b8a6636d70,logo,_preview.png,NA,NA,NA,NA,NA,NA,NA,NA
adunit-ihop-window4-scary-face-mpu,ihop_white_logo.png,_preview.png,63,286,215,367,81,152,500,600
45390f174ef85b574d3b81a0f5c1bab0,logo,_preview.png,NA,NA,NA,NA,NA,NA,NA,NA
99bcf45376c5182e77af6b40ccfa2d3b,logo,_preview.png,NA,NA,NA,NA,NA,NA,NA,NA
d60dcbc971efa0b4c3cb76c245c35ced,f5-logo.png,_preview.png,179,27,421,109,82,242,900,600
3a6d279abd87aadd09f950bcb123e358,f4-logo.png,_preview.png,0,0,600,500,500,600,500,600
adunit-mouser-user-choice-flight4-uk-cpe-mpu,logo,_preview.png,NA,NA,NA,NA,NA,NA,NA,NA
adunit-mouser-user-choice-cpe-av-uk-mpu,logo,_preview.png,NA,NA,NA,NA,NA,NA,NA,NA
adunit-playstation-spring-sale-snsory-plus-mpu,logo,_preview.png,NA,NA,NA,NA,NA,NA,NA,NA
677e3e6c41c26d12647a0deb0a58c758,logo,_preview.png,NA,NA,NA,NA,NA,NA,NA,NA
c2b3575ecfffe09f0f3b97a5883e6da6,logo,_preview.png,NA,NA,NA,NA,NA,NA,NA,NA
4b31e9f5af8d0a4bf2c565ffa8a43800,logo_screen.png,_preview.png,0,0,600,900,900,600,900,600
adunit-standard-chartered-year-end-2021-bio-mob,logo,_preview.png,NA,NA,NA,NA,NA,NA,NA,NA
adunit-mouser-user-choice-cpe-av-uk-mob,logo,_preview.png,NA,NA,NA,NA,NA,NA,NA,NA
adunit-nestle-maggi-varieties-bouillon-en-kwt-mob,logo,_preview.png,NA,NA,NA,NA,NA,NA,NA,NA
753b879a06a0f89feaa3928f37d4c6fe,logo.png,_preview.png,432,25,577,47,22,145,900,600
adunit-mouser-user-choice-v2-cpe-av-uk-mob,logo,_preview.png,NA,NA,NA,NA,NA,NA,NA,NA
adunit-j-and-j-listerine-tonic3-exxon-fs,logo,_preview.png,NA,NA,NA,NA,NA,NA,NA,NA
89f522cf0adb2cc171321fb50abc9fc5,logo-squirrel-swap-1.png,_preview.png,0,0,600,500,500,600,500,600
e37596726bbaf0321aed953b6f8e1be7,logo,_preview.png,NA,NA,NA,NA,NA,NA,NA,NA
025bf4faf2102b1376bddee41dc7948e,logo,_preview.png,NA,NA,NA,NA,NA,NA,NA,NA
2561bbefebc84dc200ca14d63b221d55,end-logo-mpu.png,_preview.png,0,0,600,500,500,600,500,600
24400997671ee80961dfe1ef30072499,logo-snow-polygone-riviera.png,_preview.png,235,828,386,876,48,151,900,600
c154ec796ae46371d8bc35744ee47b0e,logo,_preview.png,NA,NA,NA,NA,NA,NA,NA,NA
adunit-heineken-pure-malt-v2-mpu,logo,_preview.png,NA,NA,NA,NA,NA,NA,NA,NA
adunit-jaguar-nameplate-refresh-f-type-mpu,logo,_preview.png,NA,NA,NA,NA,NA,NA,NA,NA
2a25b8b900eeb431fc7627a231bbc562,logo,_preview.png,NA,NA,NA,NA,NA,NA,NA,NA
adunit-windhoek-beer-year-end-2021-bio-v2-mob,logo,_preview.png,NA,NA,NA,NA,NA,NA,NA,NA
adunit-mouser-user-choice-v2-cpe-canada-mpu,logo,_preview.png,NA,NA,NA,NA,NA,NA,NA,NA
adunit-livspace-before-after-in-mpu,logo,_preview.png,NA,NA,NA,NA,NA,NA,NA,NA
adunit-mouser-user-choice-flight4-uk-cpe-av-mpu,logo,_preview.png,NA,NA,NA,NA,NA,NA,NA,NA
adunit-van-cleef-and-arpels-frivole-wave-unit2-mpu,logo,_preview.png,NA,NA,NA,NA,NA,NA,NA,NA
7feef5faff5461ca47f061ed5efbccf5,logo,_preview.png,NA,NA,NA,NA,NA,NA,NA,NA
adunit-mouser-user-choice-v2-cpe-av-aus-nz-mob,logo,_preview.png,NA,NA,NA,NA,NA,NA,NA,NA
fbb156a0dc35c2e9f126d5140ae6ea66,logo,_preview.png,NA,NA,NA,NA,NA,NA,NA,NA
adunit-jaguar-nameplate-refresh-f-type-back-mob,logo,_preview.png,NA,NA,NA,NA,NA,NA,NA,NA
94ed9dbaf0a8f0a64d4e04a3b1d9431a,logo,_preview.png,NA,NA,NA,NA,NA,NA,NA,NA
59f430cb4755fb8e77109dcc9c8fb888,logo.png,_preview.png,222,182,301,261,79,79,500,600
adunit-yamaha-wolverine-user-choice-av-v2-mpu,logo,_preview.png,NA,NA,NA,NA,NA,NA,NA,NA
783719d2b23ee967711abba9de4e7884,logo,_preview.png,NA,NA,NA,NA,NA,NA,NA,NA
39869b76f24193f841d1f95442803be3,logo,_preview.png,NA,NA,NA,NA,NA,NA,NA,NA
024df5698f28a46ebf4ac1ac5df2c202,logo,_preview.png,NA,NA,NA,NA,NA,NA,NA,NA
adunit-doritos-niknaks-mob,logo,_preview.png,NA,NA,NA,NA,NA,NA,NA,NA
adunit-mouser-user-choice-flight4-us-cpe-av-mob,logo,_preview.png,NA,NA,NA,NA,NA,NA,NA,NA
adunit-western-union-sensory-unit-swipe-up-v2-mob,logo,_preview.png,NA,NA,NA,NA,NA,NA,NA,NA
adunit-yamaha-x2-x4-userchoice-cpe-mob,logo,_preview.png,NA,NA,NA,NA,NA,NA,NA,NA
74fb31e6b022b403306f12d715053717,logo.png,_preview.png,25,26,206,88,62,181,500,600
0792c911c288bd241c1e2a2b64bce488,logo copy.png,_preview.png,246,219,422,325,106,176,900,600
281ca748ff2f73232baa2a2d98041a63,logo,_preview.png,NA,NA,NA,NA,NA,NA,NA,NA
3c741855acd9576b4e311d5cd990ae77,logo.jpg,_preview.png,0,0,600,200,200,600,500,600
adunit-heineken-pure-malt-mob,logo,_preview.png,NA,NA,NA,NA,NA,NA,NA,NA
4008b0311b08183a8e6d7d6d01cea464,logo.png,_preview.png,164,420,436,462,42,272,500,600
002dbbd85ef3fe6a2e7d0754fb9f9a1a,3spraylogo.png,_preview.png,0,93,598,444,351,598,500,600
4546fea5413797d10224198aaa34fe45,video-logo.png,_preview.png,22,720,578,753,33,556,900,600
88d9068b2d0ea2492b160a2e028d3429,logo,_preview.png,NA,NA,NA,NA,NA,NA,NA,NA
cd8d3632d222fd9e87e32c9d0ecafdea,logo,_preview.png,NA,NA,NA,NA,NA,NA,NA,NA
4c0bb312924b2faa49f1eb556a5377ec,logo,_preview.png,NA,NA,NA,NA,NA,NA,NA,NA
adunit-mouser-user-choice-flight4-aus-nz-cpe-mob,logo,_preview.png,NA,NA,NA,NA,NA,NA,NA,NA
adunit-showtime-dexture-mob,logo,_preview.png,NA,NA,NA,NA,NA,NA,NA,NA
adunit-engagement-plus-ihop-evergreen-olo-drag-left-mob,logo,_preview.png,NA,NA,NA,NA,NA,NA,NA,NA
3e46da2a3160460b9be21da8ea0ce68e,logo.png,_preview.png,308,759,560,861,102,252,900,600
f033db746b20e747ee528caa07f0b2de,logo,_preview.png,NA,NA,NA,NA,NA,NA,NA,NA
adunit-mouser-user-choice-v2-cpe-av-aus-nz-mpu,logo,_preview.png,NA,NA,NA,NA,NA,NA,NA,NA
6e628eb5fafe4a43309363ef8e8efc12,logo_rev.png,_preview.png,0,0,600,500,500,600,500,600
b2504a570b6274172b6bd9558118f772,logo,_preview.png,NA,NA,NA,NA,NA,NA,NA,NA
adunit-yamaha-wolverine-user-choice-cpe-v2-mob,logo,_preview.png,NA,NA,NA,NA,NA,NA,NA,NA
adunit-nestle-maggi-varieties-bouillon-en-uae-mob,logo,_preview.png,NA,NA,NA,NA,NA,NA,NA,NA
0a18978cdc8b64f900b0db6a297eb99d,logo,_preview.png,NA,NA,NA,NA,NA,NA,NA,NA
adunit-femsa-coca-cola-new-sugar-free-mpu,logo,_preview.png,NA,NA,NA,NA,NA,NA,NA,NA
5dae3772408bcecb586bf62312c13838,logo,_preview.png,NA,NA,NA,NA,NA,NA,NA,NA
adunit-nestle-maggi-varieties-bouillon-ar-uae-mob,logo,_preview.png,NA,NA,NA,NA,NA,NA,NA,NA
adunit-showtime-dexture-post-mob,logo,_preview.png,NA,NA,NA,NA,NA,NA,NA,NA
f701e15a157e1418704c2b18a13fb471,video-logo.png,_preview.png,22,720,578,753,33,556,900,600
adunit-lionsgate-spiral-puzzle-v2-mob,logo,_preview.png,NA,NA,NA,NA,NA,NA,NA,NA
adunit-mouser-user-choice-cpe-av-aus-nz-mob,logo,_preview.png,NA,NA,NA,NA,NA,NA,NA,NA
08fc9a9f04de967fe87c5061c32d3b84,logo-1.png,_preview.png,62,75,537,223,148,475,900,600
64a625126af2759b5e84aed912400e4f,logo.png,_preview.png,205,296,509,441,145,304,500,600
eb84457fc98f942bb27157e930794c61,logo,_preview.png,NA,NA,NA,NA,NA,NA,NA,NA
5d8310907217d0f5385f765f133ad475,logo,_preview.png,NA,NA,NA,NA,NA,NA,NA,NA
adunit-tiger-crystel-beer-inner-fire-bio-mob,logo,_preview.png,NA,NA,NA,NA,NA,NA,NA,NA
adunit-mouser-user-choice-v3-aus-nz-cpe-mpu,logo,_preview.png,NA,NA,NA,NA,NA,NA,NA,NA
4febb144783cbf0059748799ed8b4945,logo,_preview.png,NA,NA,NA,NA,NA,NA,NA,NA
adunit-van-cleef-and-arpels-frivole-wave-unit2-tap-version-mpu,logo,_preview.png,NA,NA,NA,NA,NA,NA,NA,NA
adunit-nestle-maggi-varieties-bouillon-ar-kwt-v1-mpu,logo,_preview.png,NA,NA,NA,NA,NA,NA,NA,NA
adunit-milk-ctc-swipe-to-catch-mob,logo,_preview.png,NA,NA,NA,NA,NA,NA,NA,NA
8091002d3367a188f845f2c9fcdbadea,logo,_preview.png,NA,NA,NA,NA,NA,NA,NA,NA
adunit-mouser-user-choice-v3-aus-nz-cpe-av-mpu,logo,_preview.png,NA,NA,NA,NA,NA,NA,NA,NA
e1d358918210126d2348bb98e47dfa86,logo.jpg,_preview.png,0,0,600,200,200,600,500,600
adunit-ihop-ihoppy-hour-20-percent-off-mob,logo,_preview.png,NA,NA,NA,NA,NA,NA,NA,NA
adunit-ihop-window4-reeses-mpu,logo.png,_preview.png,22,46,343,232,186,321,500,600
727b84106211a421a6d6925655a4ff17,logo,_preview.png,NA,NA,NA,NA,NA,NA,NA,NA
6649faf7aaae3caa5ac3de30b5ac4829,logo,_preview.png,NA,NA,NA,NA,NA,NA,NA,NA
d63a7966d398d4dd0778d268d17fd2aa,logo,_preview.png,NA,NA,NA,NA,NA,NA,NA,NA
3a78fb0ee7c6e7fa0101fe1d6f49de29,logo_4.png,_preview.png,65,32,569,281,249,504,500,600
07f3a0ee847117a81ff9183befca007a,logo,_preview.png,NA,NA,NA,NA,NA,NA,NA,NA
adunit-yamaha-rmax4-1000-le-sensory-plus-video-mob,logo,_preview.png,NA,NA,NA,NA,NA,NA,NA,NA
adunit-lionsgate-spiral-new-2-puzzle-v3-mpu,logo,_preview.png,NA,NA,NA,NA,NA,NA,NA,NA
5190d04e9abb3684a856257429894a5b,logo,_preview.png,NA,NA,NA,NA,NA,NA,NA,NA
adunit-hitmans-wifes-body-guard-user-choice-mpu,logo,_preview.png,NA,NA,NA,NA,NA,NA,NA,NA
adunit-doritos-niknaks-mpu,logo,_preview.png,NA,NA,NA,NA,NA,NA,NA,NA
68c52769f63d072ef64e0dde04ed5ff0,logo,_preview.png,NA,NA,NA,NA,NA,NA,NA,NA
adunit-dreamies-catfood-slider-mob,logo,_preview.png,NA,NA,NA,NA,NA,NA,NA,NA
5cd2c1fa13b9cd4862f79304e5ca19cc,logo,_preview.png,NA,NA,NA,NA,NA,NA,NA,NA
98555b9df18ae8d010794161505020dd,logo,_preview.png,NA,NA,NA,NA,NA,NA,NA,NA
9155a2e9b6ccf3449b2403031ed99468,logo,_preview.png,NA,NA,NA,NA,NA,NA,NA,NA
adunit-j-j-e-commerce-v1-mob,logo,_preview.png,NA,NA,NA,NA,NA,NA,NA,NA
919ef5d6de221daf94537e4d87e98859,logo.jpg,_preview.png,0,0,600,207,207,600,500,600
adunit-showtime-dexter-sensory-plus-video-canvas-mpu,logo,_preview.png,NA,NA,NA,NA,NA,NA,NA,NA
61dff450d1f6264618e7532f9e6c21dd,logo,_preview.png,NA,NA,NA,NA,NA,NA,NA,NA
2845ecbabd12a9d2d17283664c06fa7d,logos-start.png,_preview.png,0,0,600,900,900,600,900,600
adunit-jaguar-nameplate-refresh-rc-mpu,logo,_preview.png,NA,NA,NA,NA,NA,NA,NA,NA
adunit-find-the-fox-magnifying-glass-sg-mob,logo,_preview.png,NA,NA,NA,NA,NA,NA,NA,NA
adunit-nutrella-barrilito-mob,logo,_preview.png,NA,NA,NA,NA,NA,NA,NA,NA
6b7ddb8af0b0d4b5e042ac9469300177,logo,_preview.png,NA,NA,NA,NA,NA,NA,NA,NA
23bd30ca17aae979afebc6f4e5f1fdd3,logo,_preview.png,NA,NA,NA,NA,NA,NA,NA,NA
5e3fbc83a60c730e234618fe5483800e,logo,_preview.png,NA,NA,NA,NA,NA,NA,NA,NA
45bc44f6b1529331c282ba1f72e13b3c,logo.png,_preview.png,171,57,429,176,119,258,500,600
adunit-western-union-kroger-scrub-auto-engagement-mob,logo,_preview.png,NA,NA,NA,NA,NA,NA,NA,NA
4342ea931e3e9ae5c51aed541a61465d,logo.png,_preview.png,2,754,236,819,65,234,900,600
295e3365c5ed156b3ae4c8f3194add31,top-and-logo-new.png,_preview.png,0,0,600,900,900,600,900,600
adunit-femsa-coca-cola-christmas-village-v3-mpu,logo,_preview.png,NA,NA,NA,NA,NA,NA,NA,NA
adunit-runnings-maps-mpu,logo,_preview.png,NA,NA,NA,NA,NA,NA,NA,NA
8932a4d6d34de7718182c18cc30779e8,logo,_preview.png,NA,NA,NA,NA,NA,NA,NA,NA
adunit-hennessy-vsop-refik-anadol-mpu,logo,_preview.png,NA,NA,NA,NA,NA,NA,NA,NA
adunit-kitkat-golden-break-gamify-arabic-mob,logo,_preview.png,NA,NA,NA,NA,NA,NA,NA,NA
adunit-mouser-user-choice-cpe-uk-mob,logo,_preview.png,NA,NA,NA,NA,NA,NA,NA,NA
68d489e40aa39d4498507af1ccdf249a,logo.png,_preview.png,162,39,438,86,47,276,900,600
3faf6a6e515ee4a3d08934b3e93a4a9e,logo.png,_preview.png,104,393,410,490,97,306,500,600
3c8eed5eead83f9798db8c24578d7a19,logo,_preview.png,NA,NA,NA,NA,NA,NA,NA,NA
b50d6442906a8362508d2a97bb9ba01e,logo,_preview.png,NA,NA,NA,NA,NA,NA,NA,NA
adunit-western-union-sensory-unit-swipe-up-v2-mpu,logo,_preview.png,NA,NA,NA,NA,NA,NA,NA,NA
b500b45f2e556f55a488bc21c045877f,logo.png,_preview.png,202,38,398,152,114,196,900,600
67169407f4dd5762a97f973e82e550bd,logo_bottom.jpg,_preview.png,0,798,192,900,102,192,900,600
adunit-lionsgate-spiral-new-2-puzzle-v4-mpu,logo,_preview.png,NA,NA,NA,NA,NA,NA,NA,NA
0692cec4544cb0287225a7bccebc916b,logo.jpg,_preview.png,0,0,600,129,129,600,900,600
adunit-heineken-celebrations2-za-mob,logo,_preview.png,NA,NA,NA,NA,NA,NA,NA,NA
7110d440d9d424eec0ddb5f114058c06,logo,_preview.png,NA,NA,NA,NA,NA,NA,NA,NA
bdc1911c958ee9f1d54097420bc0088d,logo,_preview.png,NA,NA,NA,NA,NA,NA,NA,NA
adunit-showtime-dexter-sensory-plus-video-canvas-v4-post-mob,logo,_preview.png,NA,NA,NA,NA,NA,NA,NA,NA
adunit-facebook-conversational-commerce-3-0-th-unit1-v2-mob,logo,_preview.png,NA,NA,NA,NA,NA,NA,NA,NA
bf16a83492d04640042f674af85d2aac,logo.png,_preview.png,0,229,600,456,227,600,500,600
adunit-lionsgate-spiral-new-puzzle-v2-mpu,logo,_preview.png,NA,NA,NA,NA,NA,NA,NA,NA
adunit-lionsgate-spiral-puzzle-mob,logo,_preview.png,NA,NA,NA,NA,NA,NA,NA,NA
265680a6c85f2381bb49965579b0fd89,logo.png,_preview.png,266,40,335,126,86,69,900,600
02d99db5aa9193b2bfc98ad6998e0ea7,logo,_preview.png,NA,NA,NA,NA,NA,NA,NA,NA
46a614be24dc2639baeb3a4887dfee2f,logo,_preview.png,NA,NA,NA,NA,NA,NA,NA,NA
adunit-simba-save-the-flavour-mob,logo,_preview.png,NA,NA,NA,NA,NA,NA,NA,NA
adunit-western-union-ralphs-scrub-v2-mpu,logo,_preview.png,NA,NA,NA,NA,NA,NA,NA,NA
29f4c491737ce1cd367ff019e7b2ccb7,logo.png,_preview.png,0,0,600,900,900,600,900,600
917250eb5213e41aa11f92282ec0b19a,logo,_preview.png,NA,NA,NA,NA,NA,NA,NA,NA
adunit-mouser-user-choice-v3-uk-cpe-av-mob,logo,_preview.png,NA,NA,NA,NA,NA,NA,NA,NA
40735b62ef7f9da459b39d173ee56ac3,logo.jpg,_preview.png,0,765,600,865,100,600,900,600
d982317438736aac9cb37b3e66a2f555,logo,_preview.png,NA,NA,NA,NA,NA,NA,NA,NA
adunit-chanel-j12-singapore-exxon-mob,logo,_preview.png,NA,NA,NA,NA,NA,NA,NA,NA
bfeea6509482aeb0aaeed455fadb9c4e,video-logo.png,_preview.png,0,0,600,500,500,600,500,600
877843b799b1b074584fc22f9157f447,video-logo.png,_preview.png,22,720,578,753,33,556,900,600
26877a2094850375ec053651dd7aa4ea,logo.png,_preview.png,120,40,214,64,24,94,900,600
05dff647236dcc065f51eea259e8a120,logo,_preview.png,NA,NA,NA,NA,NA,NA,NA,NA
adunit-christian-dior-popup-store-mob,logo,_preview.png,NA,NA,NA,NA,NA,NA,NA,NA
adunit-yamaha-sensory-plus-video-mob,logo,_preview.png,NA,NA,NA,NA,NA,NA,NA,NA
adunit-lionsgate-spiral-new-puzzle-v3-mpu,logo,_preview.png,NA,NA,NA,NA,NA,NA,NA,NA
9e2b17d1c9addd70a9da0c72dfec0e3c,logo,_preview.png,NA,NA,NA,NA,NA,NA,NA,NA
adunit-mouser-user-choice-v3-uk-cpe-mob,logo,_preview.png,NA,NA,NA,NA,NA,NA,NA,NA
adunit-volks-wagen-2021-new-polo-v1-v3-mpu,logo,_preview.png,NA,NA,NA,NA,NA,NA,NA,NA
ddc12737f9718263bfb0f54843da0478,logo,_preview.png,NA,NA,NA,NA,NA,NA,NA,NA
2a355ca0d306921e195591e5b2374b6a,logo.png,_preview.png,144,197,469,300,103,325,500,600
adunit-femsa-coca-cola-christmas-village-mob,logo,_preview.png,NA,NA,NA,NA,NA,NA,NA,NA
adunit-chevy-tap-mob,logo,_preview.png,NA,NA,NA,NA,NA,NA,NA,NA
adunit-chevy-panoramic-hotspot-explorer-cpe-mob,logo,_preview.png,NA,NA,NA,NA,NA,NA,NA,NA
c47fa6c0b4462b654c222e2f4be62b3d,logo.png,_preview.png,0,0,600,900,900,600,900,600
adunit-facebook-conversational-commerce-3-0-th-bio1-mob,logo,_preview.png,NA,NA,NA,NA,NA,NA,NA,NA
958fb9e4304628629f9848dee96ad338,logo,_preview.png,NA,NA,NA,NA,NA,NA,NA,NA
df91c37d7078b8b406deaea243bb3746,logo.png,_preview.png,257,46,343,79,33,86,900,600
adunit-city-square-mall-cny-mpu,logo,_preview.png,NA,NA,NA,NA,NA,NA,NA,NA
f398e921861a533315cd9e1085e2059c,logo,_preview.png,NA,NA,NA,NA,NA,NA,NA,NA
adunit-ihop-window4-reeses-mob,logo,_preview.png,NA,NA,NA,NA,NA,NA,NA,NA
9d0bbd449e1c907e9f554bb9df1c4a10,logo,_preview.png,NA,NA,NA,NA,NA,NA,NA,NA
52054fa91799a747b8ddf3f3118f40e9,logo.png,_preview.png,104,393,410,490,97,306,500,600
adunit-lionsgate-spiral-new-2-puzzle-v4-mob,logo,_preview.png,NA,NA,NA,NA,NA,NA,NA,NA
dbe499749ecc456991332fc5d847ad2e,logo,_preview.png,NA,NA,NA,NA,NA,NA,NA,NA
e334f7ef4caacc9552993029ad56a52b,logo,_preview.png,NA,NA,NA,NA,NA,NA,NA,NA
ccce5533b26203d07100376c394951a6,logo,_preview.png,NA,NA,NA,NA,NA,NA,NA,NA
8f3f46fa6a0accfd8b4563f2e35aaba5,logo,_preview.png,NA,NA,NA,NA,NA,NA,NA,NA
adunit-yamaha-x4-seonsory-plus-mpu,logo,_preview.png,NA,NA,NA,NA,NA,NA,NA,NA
adunit-yamaha-wolverine-user-choice-av-reuse-mpu,logo,_preview.png,NA,NA,NA,NA,NA,NA,NA,NA
d9211cc52590fe62718030dbc1a9389a,logo,_preview.png,NA,NA,NA,NA,NA,NA,NA,NA
a1a3485dee81692a3ea64143aa51e90f,logo,_preview.png,NA,NA,NA,NA,NA,NA,NA,NA
adunit-lionsgate-uwomt-user-slider-sensory-video-mpu,logo,_preview.png,NA,NA,NA,NA,NA,NA,NA,NA
3ec1bd3422d0512c1fa1c06b7277df65,logo,_preview.png,NA,NA,NA,NA,NA,NA,NA,NA
adunit-mouser-user-choice-v2-cpe-uk-mpu,logo,_preview.png,NA,NA,NA,NA,NA,NA,NA,NA
942616462420cb3890d00c65fc644e73,logo.png,_preview.png,27,219,293,262,43,266,480,320
f0a8b52312fce8d57f34bc6441dea750,logo,_preview.png,NA,NA,NA,NA,NA,NA,NA,NA
adunit-hitmans-wifes-body-guard-user-choice-unit2-mpu,logo,_preview.png,NA,NA,NA,NA,NA,NA,NA,NA
adunit-lionsgate-spiral-new-puzzle-v3-mob,logo,_preview.png,NA,NA,NA,NA,NA,NA,NA,NA
59e7b509d984f3a5b13fb8a33e0f6c2d,logo,_preview.png,NA,NA,NA,NA,NA,NA,NA,NA
c5d9fdf57215e5dbec5cc42419090749,video-logo.png,_preview.png,22,720,578,753,33,556,900,600
94bc1e8d137186644fa3baa53185a331,video-logo.png,_preview.png,22,720,578,753,33,556,900,600
eb641577b39bf60665e3130ac0d4e301,logo,_preview.png,NA,NA,NA,NA,NA,NA,NA,NA
3c5828449ad87b05b5dedf0b4787242a,logo,_preview.png,NA,NA,NA,NA,NA,NA,NA,NA
adunit-western-union-ralphs-sensory-eng-auto-eng-mpu,logo,_preview.png,NA,NA,NA,NA,NA,NA,NA,NA
9a09184e03a21be85b165f66d6d1c121,logo_video.png,_preview.png,120,751,451,794,43,331,900,600
adunit-mouser-user-choice-v3-cpe-us-mpu,logo,_preview.png,NA,NA,NA,NA,NA,NA,NA,NA
24f58a2b0bfefefd5ccc43bf1f664685,logo,_preview.png,NA,NA,NA,NA,NA,NA,NA,NA
75e9bf718c93754ae33314a92db613dd,logo,_preview.png,NA,NA,NA,NA,NA,NA,NA,NA
adunit-showtime-dexter-sensory-plus-video-canvas-v4-mob,logo,_preview.png,NA,NA,NA,NA,NA,NA,NA,NA
3bf22f2c7f71986b690dc922cb0bee1f,logo.png,_preview.png,47,21,553,123,102,506,900,600
adunit-mouser-user-choice-cpe-av-us-mob,logo,_preview.png,NA,NA,NA,NA,NA,NA,NA,NA
adunit-zee-punjabi-antakshari-in-mob,logo,_preview.png,NA,NA,NA,NA,NA,NA,NA,NA
77cb39bbc869bdf0db280ec15a15280f,logo,_preview.png,NA,NA,NA,NA,NA,NA,NA,NA
c48014dd1774f0fc8dddf6c6cdcb337f,logo,_preview.png,NA,NA,NA,NA,NA,NA,NA,NA
cd5de313101387fd9191cb03ef431ec9,logo,_preview.png,NA,NA,NA,NA,NA,NA,NA,NA
adunit-lexus-geo-video-google-maps-cta-mpu,logo,_preview.png,NA,NA,NA,NA,NA,NA,NA,NA
adunit-mouser-user-choice-cpe-aus-nz-mpu,logo,_preview.png,NA,NA,NA,NA,NA,NA,NA,NA
28b455751eabbf79d899fc9a4c6f151e,logo,_preview.png,NA,NA,NA,NA,NA,NA,NA,NA
adunit-playstation-spring-sale-mpu,logo,_preview.png,NA,NA,NA,NA,NA,NA,NA,NA
adunit-western-union-ralphs-sensory-engagement-v1-mob,logo,_preview.png,NA,NA,NA,NA,NA,NA,NA,NA
f520edea9b83c22a1c82412fcaf9f0a3,logo.jpg,_preview.png,0,0,600,132,132,600,900,600
adunit-mouser-user-choice-v3-uk-cpe-mpu,logo,_preview.png,NA,NA,NA,NA,NA,NA,NA,NA
b58ae8eb1017e252ce37c29226411489,logo,_preview.png,NA,NA,NA,NA,NA,NA,NA,NA
fe1cc47f2e46f29607046541f8418275,logo,_preview.png,NA,NA,NA,NA,NA,NA,NA,NA
090f9075627a9543f171041a644d8af9,logo,_preview.png,NA,NA,NA,NA,NA,NA,NA,NA
adunit-milk-user-slide-v1-mpu,logo,_preview.png,NA,NA,NA,NA,NA,NA,NA,NA
adunit-mouser-user-choice-flight4-canada-cpe-mpu,logo,_preview.png,NA,NA,NA,NA,NA,NA,NA,NA
28c3515061ccebd5a08a954a584623e1,logo.png,_preview.png,254,31,342,113,82,88,500,600
adunit-lionsgate-moonfall-parallax-cta2-phase-spanish-mob,logo,_preview.png,NA,NA,NA,NA,NA,NA,NA,NA
049b5c09f2fc9c009cc3e7bc6e95be90,logo,_preview.png,NA,NA,NA,NA,NA,NA,NA,NA
adunit-lionsgate-moonfall-bio-mob,logo,_preview.png,NA,NA,NA,NA,NA,NA,NA,NA
adunit-playstation-spring-sale-mob,logo,_preview.png,NA,NA,NA,NA,NA,NA,NA,NA
bd312b97d9d646bcd3263809be428f5e,logo,_preview.png,NA,NA,NA,NA,NA,NA,NA,NA
68c78af778382e3e80ba98d676dd8527,logo,_preview.png,NA,NA,NA,NA,NA,NA,NA,NA
adunit-western-union-ralphs-sensory-eng-mpu,logo,_preview.png,NA,NA,NA,NA,NA,NA,NA,NA
71d0113ae02ccba7e3fd67f71baf2f2a,logo,_preview.png,NA,NA,NA,NA,NA,NA,NA,NA
2287637d5dbfb7cc45fb816157a412fa,logo,_preview.png,NA,NA,NA,NA,NA,NA,NA,NA
adunit-j12-singapore-v1-mpu,logo,_preview.png,NA,NA,NA,NA,NA,NA,NA,NA
b378c281edcaebfbe47a3104fdc2e036,logo.png,_preview.png,162,39,438,86,47,276,900,600
09b983781c78607d3e9348f231765ea1,logo-1.png,_preview.png,0,0,600,900,900,600,900,600
adunit-chevy-tap-and-hold-mpu,logo,_preview.png,NA,NA,NA,NA,NA,NA,NA,NA
adunit-yamaha-rmax2-1000-sports-sensory-plus-video-mpu,logo,_preview.png,NA,NA,NA,NA,NA,NA,NA,NA
adunit-lionsgate-moonfall-parallax-dec-mob,logo,_preview.png,NA,NA,NA,NA,NA,NA,NA,NA
adunit-j12-singapore-mpu,logo,_preview.png,NA,NA,NA,NA,NA,NA,NA,NA
f08d8e575fa2c9929dfaf2d1bfa553a2,logo,_preview.png,NA,NA,NA,NA,NA,NA,NA,NA
adunit-lionsgate-uwomt-sensory-plus-tune-2-mob,logo,_preview.png,NA,NA,NA,NA,NA,NA,NA,NA
8a1a2fa030200a7087619144f042c2da,logo,_preview.png,NA,NA,NA,NA,NA,NA,NA,NA
adunit-western-union-ralphs-sensory-engagement-maps-mob,logo,_preview.png,NA,NA,NA,NA,NA,NA,NA,NA
f2aa99ddd5015647abc940e7d6695df2,logo,_preview.png,NA,NA,NA,NA,NA,NA,NA,NA
69a95b2cae65b8457594ab519006920c,logo,_preview.png,NA,NA,NA,NA,NA,NA,NA,NA
c004ede9dbeaf07289dff53dfaa0cd9e,f4-logo.png,_preview.png,0,0,600,500,500,600,500,600
adunit-yamaha-x2-seonsory-plus-mob,logo,_preview.png,NA,NA,NA,NA,NA,NA,NA,NA
2681e9a5eb126e75959f33a477964544,logo.png,_preview.png,168,394,432,480,86,264,500,600
9415d4728381f961a8d6bd7c57142ab7,video-logo.png,_preview.png,67,171,398,214,43,331,900,600
79a672060e901ce418230c3959619cca,logo.png,_preview.png,0,0,600,179,179,600,900,600
adunit-windows3-2021-mpu,logo,_preview.png,NA,NA,NA,NA,NA,NA,NA,NA
d48b2247fce73617dab5633187c02360,logo.png,_preview.png,0,0,457,141,141,457,900,600
adunit-nestle-maggi-varieties-bouillon-ar-kwt-mob,logo,_preview.png,NA,NA,NA,NA,NA,NA,NA,NA
5793a8d614757c76e8fcb904f943e586,logo,_preview.png,NA,NA,NA,NA,NA,NA,NA,NA
adunit-facebook-conversational-commerce-3-0-th-unit2-v2-mob,logo,_preview.png,NA,NA,NA,NA,NA,NA,NA,NA
adunit-van-cleef-and-arpels-frivole-wave-unit2-mob,logo,_preview.png,NA,NA,NA,NA,NA,NA,NA,NA
adunit-lionsgate-moonfall-parallax-dec-v3-mpu,logo,_preview.png,NA,NA,NA,NA,NA,NA,NA,NA
02335ed7fbc9fd8ec1505d30a7d385ba,logo,_preview.png,NA,NA,NA,NA,NA,NA,NA,NA
22d151fdc4f270e75bcf3729df08180f,logo.jpg,_preview.png,0,0,600,500,500,600,500,600
8578176a5460d41edddd1440ab46e564,logo,_preview.png,NA,NA,NA,NA,NA,NA,NA,NA
2524439faeafa1c2ca1a27cac00a97b1,logo.png,_preview.png,42,358,558,390,32,516,500,600
286ce285a3a28445c972ba9d09090937,logo.png,_preview.png,49,39,552,103,64,503,900,600
c47a1785032e3bc12dc53dc97034dd33,logo,_preview.png,NA,NA,NA,NA,NA,NA,NA,NA
26891312da99dd6e651fd179d1ff0faf,logo,_preview.png,NA,NA,NA,NA,NA,NA,NA,NA
6a8e741867d4f893afad015b77b52c39,logo,_preview.png,NA,NA,NA,NA,NA,NA,NA,NA
0a22f881b77f00220f2034c21a18b854,logo,_preview.png,NA,NA,NA,NA,NA,NA,NA,NA
b68baf66405783b70a2141860cb15adc,logo,_preview.png,NA,NA,NA,NA,NA,NA,NA,NA
adunit-ggpoker-game-user-choice-mob,logo,_preview.png,NA,NA,NA,NA,NA,NA,NA,NA
d7c5bf54f39eb745b553d06813cffb23,logo.png,_preview.png,162,39,438,86,47,276,900,600
86f213ed98d05c93c09fe2d0ded4dfe6,logo,_preview.png,NA,NA,NA,NA,NA,NA,NA,NA
adunit-cartier-panthere-2021-fy22-mpu,logo,_preview.png,NA,NA,NA,NA,NA,NA,NA,NA
de74397f972d47d2c078b44807974532,logo,_preview.png,NA,NA,NA,NA,NA,NA,NA,NA
adunit-heineken-pure-malt-mpu,logo,_preview.png,NA,NA,NA,NA,NA,NA,NA,NA
adunit-mouser-user-choice-cpe-av-us-mpu,logo,_preview.png,NA,NA,NA,NA,NA,NA,NA,NA
adunit-lionsgate-uwomt-user-slider-sensory-video-v1-mob,logo,_preview.png,NA,NA,NA,NA,NA,NA,NA,NA
2adefe98452f112060fe28e98f7a2c46,logo.png,_preview.png,180,25,421,68,43,241,500,600
adunit-volks-wagen-2021-new-polo-v2-v3-mpu,logo,_preview.png,NA,NA,NA,NA,NA,NA,NA,NA
adunit-gme-sensory-video-add-unmute-button-v2-mpu,logo,_preview.png,NA,NA,NA,NA,NA,NA,NA,NA
adunit-playstation-spring-sale-snsory-plus-mob,logo,_preview.png,NA,NA,NA,NA,NA,NA,NA,NA
adunit-milk-user-slide-v2-mpu,logo,_preview.png,NA,NA,NA,NA,NA,NA,NA,NA
adunit-western-union-ralphs-auto-engage-v2-mpu,logo,_preview.png,NA,NA,NA,NA,NA,NA,NA,NA
adunit-j-j-e-commerce-mpu,logo,_preview.png,NA,NA,NA,NA,NA,NA,NA,NA
032ecd4e7d6db78058878d0ac61a82dc,logo,_preview.png,NA,NA,NA,NA,NA,NA,NA,NA
d6c5dcb42c617e8d164dafb4d302ac0a,logo,_preview.png,NA,NA,NA,NA,NA,NA,NA,NA
bab02408832fd896644462340d7bf479,logo,_preview.png,NA,NA,NA,NA,NA,NA,NA,NA
299eff884b51e6894dbd307f0a2a6554,logo,_preview.png,NA,NA,NA,NA,NA,NA,NA,NA
adunit-lionsgate-moonfall-parallax-cta2-phase-spanish-mpu,logo,_preview.png,NA,NA,NA,NA,NA,NA,NA,NA
adunit-yamaha-rmax4-1000-le-sensory-plus-video-mpu,logo,_preview.png,NA,NA,NA,NA,NA,NA,NA,NA
0716aeb4425d2865ea9b1996ef4f90fe,logo,_preview.png,NA,NA,NA,NA,NA,NA,NA,NA
d53d09dbd8f7aad4bfab4acb84aa323a,logo,_preview.png,NA,NA,NA,NA,NA,NA,NA,NA
4baa12ddba0c06b618225f8191a6d722,logo,_preview.png,NA,NA,NA,NA,NA,NA,NA,NA
adunit-western-union-sensory-unit-swipe-up-tap-mob,logo,_preview.png,NA,NA,NA,NA,NA,NA,NA,NA
03231e84227b5038d1ce9c302019da8c,logo,_preview.png,NA,NA,NA,NA,NA,NA,NA,NA
adunit-chevy-600-1200-hotspot-explorer-cpe-mob,logo,_preview.png,NA,NA,NA,NA,NA,NA,NA,NA
4b537aac6575e7528140fc388f1349ca,f4-logo-bubble.png,_preview.png,0,0,436,436,436,436,500,600
adunit-mouser-user-choice-v3-aus-nz-cpe-av-mob,logo,_preview.png,NA,NA,NA,NA,NA,NA,NA,NA
e300993c699d98ef0d6d574b043b65cc,logo,_preview.png,NA,NA,NA,NA,NA,NA,NA,NA
adunit-yamaha-x4-seonsory-plus-mob,logo,_preview.png,NA,NA,NA,NA,NA,NA,NA,NA
adunit-nestle-maggi-varieties-bouillon-ar-ksa-mob,logo,_preview.png,NA,NA,NA,NA,NA,NA,NA,NA
adunit-hitmans-wifes-body-guard-user-choice-unit3-mpu,logo,_preview.png,NA,NA,NA,NA,NA,NA,NA,NA
5aa8f1a6f90157b937cac6e73006a2dc,logo.png,_preview.png,83,215,517,285,70,434,500,600
4ad96fa279384268e72374aaacb78caf,logo,_preview.png,NA,NA,NA,NA,NA,NA,NA,NA
c9ec2d041cd03c489b2ee97c5f7ba400,logo,_preview.png,NA,NA,NA,NA,NA,NA,NA,NA
0978cddd7a740a70fa0ac73fb6603aee,logo.png,_preview.png,195,209,487,308,99,292,900,600
3c383647c107f40ba222bcddd47d3d1b,logo,_preview.png,NA,NA,NA,NA,NA,NA,NA,NA
adunit-mouser-user-choice-v2-cpe-av-canada-mob,logo,_preview.png,NA,NA,NA,NA,NA,NA,NA,NA
adunit-facebook-conversational-commerce-3-0-th-unit1-mpu,logo,_preview.png,NA,NA,NA,NA,NA,NA,NA,NA
7fdd8606604b4ab61563a88384188011,logo,_preview.png,NA,NA,NA,NA,NA,NA,NA,NA
adunit-scotch-brite-gamification-thai-v2-mob,logo,_preview.png,NA,NA,NA,NA,NA,NA,NA,NA
adunit-vodacom-ciot-curve-mob,logo,_preview.png,NA,NA,NA,NA,NA,NA,NA,NA
64cfdaacd77f39b88f90210e79800a8b,logo,_preview.png,NA,NA,NA,NA,NA,NA,NA,NA
0383071848070b93a8a9f0c82c06e5e4,logo,_preview.png,NA,NA,NA,NA,NA,NA,NA,NA
74e0cd47380d7a41f96f5ca4ba214a8f,logo.png,_preview.png,55,586,500,816,230,445,900,600
623735c2b4b2d78c61e08073dbaa352d,logo,_preview.png,NA,NA,NA,NA,NA,NA,NA,NA
adunit-yamaha-user-slider-rotate-v2-mpu,logo,_preview.png,NA,NA,NA,NA,NA,NA,NA,NA
258bf2e1c0ff55be0762ccab1c5b18db,logo.png,_preview.png,42,358,558,390,32,516,500,600
55775796ac3c2a0fd0fde4cae6048827,f2-logo.png,_preview.png,89,6,511,202,196,422,900,600
255bb50bf3493e1a85c9289c52610e31,logo.png,_preview.png,108,503,533,555,52,425,900,600
f1cc75828bb3b7419b0d210e971a7cdf,uob-might-logo.png,_preview.png,463,402,554,493,91,91,900,600
b3fd525be390ec4cbebdcbd225362f12,logo.png,_preview.png,42,358,558,390,32,516,500,600
adunit-lionsgate-moonfall-parallax-dec-get-tickets-mob,logo,_preview.png,NA,NA,NA,NA,NA,NA,NA,NA
c01e7ce76419925187c593ba3ecb9f46,logo.png,_preview.png,28,40,576,884,844,548,900,600
adunit-lionsgate-moonfall-parallax-cta5-mpu,logo,_preview.png,NA,NA,NA,NA,NA,NA,NA,NA
92a1ef3b78f2b21068f8e1da4025e239,logo,_preview.png,NA,NA,NA,NA,NA,NA,NA,NA
6de62384e53319712bf7910e4db4e189,logo.png,_preview.png,365,525,599,615,90,234,900,600
974199c136ccbd972ae2fd4714e453f5,logo,_preview.png,NA,NA,NA,NA,NA,NA,NA,NA
ecc8e6a50a509f8b6a8ac7c3c1a450e7,logo,_preview.png,NA,NA,NA,NA,NA,NA,NA,NA
c3ef76ea758ea5442c9540463c5d37f3,logo,_preview.png,NA,NA,NA,NA,NA,NA,NA,NA
06262da6542114aaea8a611540a0ee5d,logo-1 copy.png,_preview.png,127,805,476,893,88,349,900,600
adunit-livspace-before-after-in-tap-mpu,logo,_preview.png,NA,NA,NA,NA,NA,NA,NA,NA
8f5834e2093bee23d3b01f8d05265765,logo.png,_preview.png,156,667,442,805,138,286,900,600
8a662fbaa5f751bf677c50359f0716c2,logo,_preview.png,NA,NA,NA,NA,NA,NA,NA,NA
adunit-mouser-user-choice-v3-aus-cpe-av-mob,logo,_preview.png,NA,NA,NA,NA,NA,NA,NA,NA
eabf360c935e08b24f30c61519033f93,logo,_preview.png,NA,NA,NA,NA,NA,NA,NA,NA
5bc607274e363f0c1a9379e05075dcfc,logo,_preview.png,NA,NA,NA,NA,NA,NA,NA,NA
f88e2c7f24b2bcd83044f2ccfdef79c4,logo,_preview.png,NA,NA,NA,NA,NA,NA,NA,NA
adunit-lionsgate-uwomt-user-slider-sensory-video-final-tune3-mob,logo,_preview.png,NA,NA,NA,NA,NA,NA,NA,NA
adunit-western-union-kroger-scrub-mob,logo,_preview.png,NA,NA,NA,NA,NA,NA,NA,NA
adunit-lexus-video-carousel-cpe-av-mob,logo,_preview.png,NA,NA,NA,NA,NA,NA,NA,NA
fbdd6f2bc08bfb43725cd6b4c52907ea,logo,_preview.png,NA,NA,NA,NA,NA,NA,NA,NA
adunit-yamaha-wolverine-user-choice-cpe-reuse-mpu,logo,_preview.png,NA,NA,NA,NA,NA,NA,NA,NA
adunit-runnings-maps-mob,logo,_preview.png,NA,NA,NA,NA,NA,NA,NA,NA
adunit-chevy-tap-600-1200-final-mob,logo,_preview.png,NA,NA,NA,NA,NA,NA,NA,NA
b0228441fb421b8c322d67a6746f5f3e,logo,_preview.png,NA,NA,NA,NA,NA,NA,NA,NA
adunit-mouser-user-choice-cpe-aus-nz-mob,logo,_preview.png,NA,NA,NA,NA,NA,NA,NA,NA
adunit-the-botanist-gin-mob,logo,_preview.png,NA,NA,NA,NA,NA,NA,NA,NA
adunit-yamaha-rmax2-1000-sports-sensory-plus-video-mob,logo,_preview.png,NA,NA,NA,NA,NA,NA,NA,NA
adunit-mouser-user-choice-v3-canada-cpe-mob,logo,_preview.png,NA,NA,NA,NA,NA,NA,NA,NA
fe116dea417bfe1b97e0b2dcf846c25d,logo,_preview.png,NA,NA,NA,NA,NA,NA,NA,NA
03c532904ec03423c5e30463a62401a5,logo,_preview.png,NA,NA,NA,NA,NA,NA,NA,NA
cc6c33bd4409ded3155793811af5c72b,logo,_preview.png,NA,NA,NA,NA,NA,NA,NA,NA
adunit-mouser-user-choice-v3-aus-nz-cpe-mob,logo,_preview.png,NA,NA,NA,NA,NA,NA,NA,NA
cafcf13bef3457ebed7e08e02fa49252,logo,_preview.png,NA,NA,NA,NA,NA,NA,NA,NA
adunit-hitmans-wifes-body-guard-user-choice-unit3-mob,logo,_preview.png,NA,NA,NA,NA,NA,NA,NA,NA
adunit-lionsgate-uwomt-sensory-plus-tune-4-mob,logo,_preview.png,NA,NA,NA,NA,NA,NA,NA,NA
eabca629979238e5e3d65f6f4cd818fb,logo,_preview.png,NA,NA,NA,NA,NA,NA,NA,NA
adunit-scotch-brite-scrub-dots-sponge-swipe-mob,logo,_preview.png,NA,NA,NA,NA,NA,NA,NA,NA
adunit-mouser-user-choice-v3-aus-cpe-mob,logo,_preview.png,NA,NA,NA,NA,NA,NA,NA,NA
adunit-chevy-user-slider-seat-interior-300-600-cpe-mob,logo,_preview.png,NA,NA,NA,NA,NA,NA,NA,NA
b25e2955ba18f9f0f63a3642abdee471,logo.png,_preview.png,235,35,366,112,77,131,500,600
adunit-hennessy-vsop-refik-anadol-mob,logo,_preview.png,NA,NA,NA,NA,NA,NA,NA,NA
adunit-scotch-brite-gamification-mob,logo,_preview.png,NA,NA,NA,NA,NA,NA,NA,NA
4f23f2bdbb2c99b8d63bba659d22fe79,logo,_preview.png,NA,NA,NA,NA,NA,NA,NA,NA
e7b3f462f7d1cc8dcaa9c076eaedd1a8,logo,_preview.png,NA,NA,NA,NA,NA,NA,NA,NA
8c0f5a32827b9e60dbd30b77178fe184,logo,_preview.png,NA,NA,NA,NA,NA,NA,NA,NA
62dca5e1826d627612856c463e98026f,logo,_preview.png,NA,NA,NA,NA,NA,NA,NA,NA
ae98b1f2a6ca87429bb43d29df7c682a,logo,_preview.png,NA,NA,NA,NA,NA,NA,NA,NA
676e0507f9e1ed8fa6880eafcf91547b,logo,_preview.png,NA,NA,NA,NA,NA,NA,NA,NA
29df3928b70391dec741b20782beeefc,logo.png,_preview.png,167,367,439,467,100,272,500,600
adunit-mouser-user-choice-flight4-us-cpe-mob,logo,_preview.png,NA,NA,NA,NA,NA,NA,NA,NA
d217e3878a25f52d495d0c3eea30211a,logo.png,_preview.png,202,38,398,152,114,196,900,600
3ba594c8b6a2376bc1013a0d13b83200,logo,_preview.png,NA,NA,NA,NA,NA,NA,NA,NA
06615e719bb053415093a4572a1f1d31,logo.png,_preview.png,30,762,266,869,107,236,900,600
adunit-lionsgate-moonfall-parallax-cta5-mob,logo,_preview.png,NA,NA,NA,NA,NA,NA,NA,NA
5b4d2cc82bf11b1fa80b366fdd7a5867,f3-logo.png,_preview.png,173,39,427,125,86,254,900,600
adunit-chanel-j12-2022-slider-cta2-en-fs,logo,_preview.png,NA,NA,NA,NA,NA,NA,NA,NA
07a8072d594af3c04ef47e8722fc1b38,logo,_preview.png,NA,NA,NA,NA,NA,NA,NA,NA
f722cbe03a320f89c6abdfd3fe796047,logo,_preview.png,NA,NA,NA,NA,NA,NA,NA,NA
4332420a9acfddfe6dedfe9b0646afd6,logo,_preview.png,NA,NA,NA,NA,NA,NA,NA,NA
adunit-chevy-user-slider-seat-interior-v1-cpe-mpu,logo,_preview.png,NA,NA,NA,NA,NA,NA,NA,NA
adunit-western-union-sensory-unit-swipe-right-v2-mob,logo,_preview.png,NA,NA,NA,NA,NA,NA,NA,NA
3c162d32bb9bce8199f44c665b20977d,logo_big.png,_preview.png,0,0,600,900,900,600,900,600
adunit-chanel-j12-tw-black-en-2022-v1-mpu,logo,_preview.png,NA,NA,NA,NA,NA,NA,NA,NA
79bb17ace9de9ef7def221cc38b50c0c,logo.png,_preview.png,46,40,134,76,36,88,900,600
adunit-lionsgate-spiral-new-puzzle-v2-mob,logo,_preview.png,NA,NA,NA,NA,NA,NA,NA,NA
5c6befcf9b28fadcedb2430c0800f433,f4-logo.png,_preview.png,0,0,600,500,500,600,500,600
39872cc99f017cc22001ee9498584e13,logo_en.png,_preview.png,26,761,587,848,87,561,900,600
77af46ea55c251a18213104bd760d1d2,logo,_preview.png,NA,NA,NA,NA,NA,NA,NA,NA
c451990f363a5119a838d33acda877f1,logo,_preview.png,NA,NA,NA,NA,NA,NA,NA,NA
adunit-ggpoker-spin-and-gold-sensory-v1-mob,logo,_preview.png,NA,NA,NA,NA,NA,NA,NA,NA
3cea7861b4a43a0695ae177cf0829267,logo,_preview.png,NA,NA,NA,NA,NA,NA,NA,NA
7a6ba94986ecc183914a48eed61ebda7,logo,_preview.png,NA,NA,NA,NA,NA,NA,NA,NA
74ca5c4df0e45247e224523c26d7ebf3,logo.jpg,_preview.png,0,0,600,244,244,600,900,600
eb31bf1739ffa01b1d458fe2c610230a,video-logo.png,_preview.png,231,170,562,213,43,331,900,600
95a9add1872e1666a9e413e18a15142b,logo_bottom.jpg,_preview.png,0,798,192,900,102,192,900,600
adunit-scotch-brite-scrub-dots-sponge-swap-thai-mob,logo,_preview.png,NA,NA,NA,NA,NA,NA,NA,NA
adunit-secom-rs-avanca-rs-phase2-mob,logo,_preview.png,NA,NA,NA,NA,NA,NA,NA,NA
74858c868467c9f78a8989e87eb54c1c,logo_bottom.jpg,_preview.png,0,398,192,500,102,192,500,600
3dfba0efa433d3f1f248b373edc2b176,logo,_preview.png,NA,NA,NA,NA,NA,NA,NA,NA
032c21ac0d52d23f683dc4c2b7388865,logo_zh.png,_preview.png,279,669,560,793,124,281,900,600
98db637879a2eee67d49dd05b4a92d83,logo,_preview.png,NA,NA,NA,NA,NA,NA,NA,NA
db671d7ebafdc3b7259109fbc18eaac9,logo,_preview.png,NA,NA,NA,NA,NA,NA,NA,NA
adunit-showtime-dexture-mpu,logo,_preview.png,NA,NA,NA,NA,NA,NA,NA,NA
adunit-lionsgate-spiral-new-2-puzzle-v5-mob,logo,_preview.png,NA,NA,NA,NA,NA,NA,NA,NA
8c07f1799c55b47a5cf24d50fd771668,logo,_preview.png,NA,NA,NA,NA,NA,NA,NA,NA
adunit-nestle-maggi-varieties-bouillon-en-uae-mpu,logo,_preview.png,NA,NA,NA,NA,NA,NA,NA,NA
cce594945c50492d887116e17ebd966f,logo.png,_preview.png,182,20,419,132,112,237,500,600
f16751048b64354c30b034c44981225f,logo,_preview.png,NA,NA,NA,NA,NA,NA,NA,NA
03f2fc9a332b87e896b2da508a061754,logo - updated.png,_preview.png,374,716,494,829,113,120,900,600
7ff33d15bd3e7d73cede0691a393c288,logo,_preview.png,NA,NA,NA,NA,NA,NA,NA,NA
3ebf3ba9b654b8281c7b45e65133986f,logo,_preview.png,NA,NA,NA,NA,NA,NA,NA,NA
hills-bio-mob,logo,_preview.png,NA,NA,NA,NA,NA,NA,NA,NA
adunit-yamaha-x2-sensory-plus-mpu,logo,_preview.png,NA,NA,NA,NA,NA,NA,NA,NA
c823124ca76c00a9d3b79380e5bdfd29,logo,_preview.png,NA,NA,NA,NA,NA,NA,NA,NA
adunit-simple-feast-build-for-industry-survey-q4-mob,logo,_preview.png,NA,NA,NA,NA,NA,NA,NA,NA
adunit-mouser-user-choice-v3-cpe-av-us-mpu,logo,_preview.png,NA,NA,NA,NA,NA,NA,NA,NA
adunit-western-union-bio-mob,logo,_preview.png,NA,NA,NA,NA,NA,NA,NA,NA
adunit-gm-ces-user-choice-mpu,logo,_preview.png,NA,NA,NA,NA,NA,NA,NA,NA
adunit-cartier-panthere-2021-fy22-mob,logo,_preview.png,NA,NA,NA,NA,NA,NA,NA,NA
adunit-mouser-user-choice-cpe-us-mpu,logo,_preview.png,NA,NA,NA,NA,NA,NA,NA,NA
adunit-lionsgate-spiral-new-2-puzzle-v3-mob,logo,_preview.png,NA,NA,NA,NA,NA,NA,NA,NA
adunit-heineken-sa-celebrations-bio-v1-mob,logo,_preview.png,NA,NA,NA,NA,NA,NA,NA,NA
3a462469eef8972bc33e93d3b9402fda,logo,_preview.png,NA,NA,NA,NA,NA,NA,NA,NA
3983cfed2def8feebc57bb6638cf49c8,logo,_preview.png,NA,NA,NA,NA,NA,NA,NA,NA
adunit-lionsgate-moonfall-parallax-cta4-mob,logo,_preview.png,NA,NA,NA,NA,NA,NA,NA,NA
44c8e52abc427a52c487122232409f5d,logo,_preview.png,NA,NA,NA,NA,NA,NA,NA,NA
adunit-chevy-user-slider-seat-interior-cpe-mob,logo,_preview.png,NA,NA,NA,NA,NA,NA,NA,NA
c9790ca6d49dfc3f245db91d3b62c56d,logo,_preview.png,NA,NA,NA,NA,NA,NA,NA,NA
adunit-chevy-user-slider-seat-interior-cpe-av-mob,logo,_preview.png,NA,NA,NA,NA,NA,NA,NA,NA
9e3c7a3de86bb8857dd3f822bc951a59,logo,_preview.png,NA,NA,NA,NA,NA,NA,NA,NA
ff72b5f704ef2a8fa05e5a7b350a1e8e,logo,_preview.png,NA,NA,NA,NA,NA,NA,NA,NA
27b8aecd5c4b58ddcfc56270e9944d81,logo,_preview.png,NA,NA,NA,NA,NA,NA,NA,NA
adunit-facebook-conversational-commerce-3-0-th-bio2-mob,logo,_preview.png,NA,NA,NA,NA,NA,NA,NA,NA
adunit-j&j-listerine-tonic3-exxon-fs,logo,_preview.png,NA,NA,NA,NA,NA,NA,NA,NA
adunit-samsung-r9-launch-mpu,logo,_preview.png,NA,NA,NA,NA,NA,NA,NA,NA
7b5d17800096a3e27a5732fd7322fc37,logo,_preview.png,NA,NA,NA,NA,NA,NA,NA,NA
d250af845914563dc5e28699c19da043,logo,_preview.png,NA,NA,NA,NA,NA,NA,NA,NA
e17b6db0e4fb777ab569ef0a81b5000e,logo.png,_preview.png,0,0,600,900,900,600,900,600
adunit-yamaha-x2-x4-userchoice-cpe-av-mpu,logo,_preview.png,NA,NA,NA,NA,NA,NA,NA,NA
adunit-ihop-ihoppy-hour-no-offer-mob,logo.jpg,_preview.png,0,0,600,900,900,600,900,600
cd586b24025b1349b9b79d2c944e3f18,logo,_preview.png,NA,NA,NA,NA,NA,NA,NA,NA
d706afba427123c30ffafb88d5486e03,logo,_preview.png,NA,NA,NA,NA,NA,NA,NA,NA
3c5daf79e8097eae0956840826c90fcc,logo,_preview.png,NA,NA,NA,NA,NA,NA,NA,NA
427bf316b866d8b20a30866426c66e09,logo.png,_preview.png,280,6,599,289,283,319,500,600
adunit-simple-feast-build-for-industry-survey-q1-mob,logo,_preview.png,NA,NA,NA,NA,NA,NA,NA,NA
adunit-facebook-conversational-commerce-3-0-vn-unit1-v2-mob,logo,_preview.png,NA,NA,NA,NA,NA,NA,NA,NA
adunit-hitmans-wifes-body-guard-user-choice-unit1-mob,logo,_preview.png,NA,NA,NA,NA,NA,NA,NA,NA
09d86d1539357a20fd04a53d000e8471,logo,_preview.png,NA,NA,NA,NA,NA,NA,NA,NA
e5c648e39c7860bf0e70f4b02ecafbdf,logo,_preview.png,NA,NA,NA,NA,NA,NA,NA,NA
adunit-mouser-user-choice-v3-canada-cpe-av-mpu,logo,_preview.png,NA,NA,NA,NA,NA,NA,NA,NA
adunit-chanel-j12-tw-black-en-2022-mpu,logo,_preview.png,NA,NA,NA,NA,NA,NA,NA,NA
5c58461a764afd15c527c9c8b3a054b2,logo,_preview.png,NA,NA,NA,NA,NA,NA,NA,NA
44799b510c8a525e9baaa4729e200efa,logo.png,_preview.png,231,586,370,856,270,139,900,600
adunit-facebook-conversational-commerce-3-0-th-unit2-mpu,logo,_preview.png,NA,NA,NA,NA,NA,NA,NA,NA
adunit-lionsgate-uwomt-user-slider-sensory-video-final-tune2-mob,logo,_preview.png,NA,NA,NA,NA,NA,NA,NA,NA
b68a3a78534ac964f4eddfb8d767bbe0,logo,_preview.png,NA,NA,NA,NA,NA,NA,NA,NA
8bf41e73b0b48e4bc86fba470d3af1a8,logo,_preview.png,NA,NA,NA,NA,NA,NA,NA,NA
caf88bb6688890e82c30fb408ec4e76f,logo,_preview.png,NA,NA,NA,NA,NA,NA,NA,NA
adunit-hitmans-wifes-body-guard-user-choice-unit2-mob,logo,_preview.png,NA,NA,NA,NA,NA,NA,NA,NA
3a63ee9cd0c128a7e97a7620a82b3678,logo,_preview.png,NA,NA,NA,NA,NA,NA,NA,NA
d93555b29bb180a19395c58cb97a5065,logo,_preview.png,NA,NA,NA,NA,NA,NA,NA,NA
adunit-lionsgate-moonfall-parallax-cta3-mpu,logo,_preview.png,NA,NA,NA,NA,NA,NA,NA,NA
adunit-scotch-brite-scrub-dots-sponge-tap-thai-mob,logo,_preview.png,NA,NA,NA,NA,NA,NA,NA,NA
9b2e41fdabcefdda0a86803e415a8c98,logo,_preview.png,NA,NA,NA,NA,NA,NA,NA,NA
adunit-mouser-user-choice-v3-uk-cpe-av-mpu,logo,_preview.png,NA,NA,NA,NA,NA,NA,NA,NA
adunit-lionsgate-uwomt-bio-mob,logo,_preview.png,NA,NA,NA,NA,NA,NA,NA,NA
adunit-yamaha-wolverine-user-choice-cpe-v2-mpu,logo,_preview.png,NA,NA,NA,NA,NA,NA,NA,NA
f50ff5f8d3f50ecaccadf63345ec16bc,f5-logo.png,_preview.png,135,42,466,85,43,331,900,600
adunit-hitmans-wifes-body-guard-user-choice-unit1-mpu,logo,_preview.png,NA,NA,NA,NA,NA,NA,NA,NA
adunit-nestle-maggi-varieties-bouillon-ar-ksa-v1-mpu,logo,_preview.png,NA,NA,NA,NA,NA,NA,NA,NA
f52568446cd557df708c44efb668789c,logo,_preview.png,NA,NA,NA,NA,NA,NA,NA,NA
471b3c709ca35b4765c096beb835bcc3,logo,_preview.png,NA,NA,NA,NA,NA,NA,NA,NA
adunit-jaguar-nameplate-refresh-v2-mfcc-mob,logo,_preview.png,NA,NA,NA,NA,NA,NA,NA,NA
adunit-mouser-user-choice-cpe-av-aus-nz-mpu,logo,_preview.png,NA,NA,NA,NA,NA,NA,NA,NA
adunit-mouser-user-choice-v2-cpe-aus-nz-mob,logo,_preview.png,NA,NA,NA,NA,NA,NA,NA,NA
9e45326648ea56b095dfe34466ce6018,logo,_preview.png,NA,NA,NA,NA,NA,NA,NA,NA
73501a5fc5b60fea475b301aae4a3731,logo,_preview.png,NA,NA,NA,NA,NA,NA,NA,NA
86782260310be394dce33ef91955a716,logo,_preview.png,NA,NA,NA,NA,NA,NA,NA,NA
adunit-ggpoker-spin-and-gold-sensory-v1-mpu,logo,_preview.png,NA,NA,NA,NA,NA,NA,NA,NA
ba9ca629a79e79a0b652b5b275ecd5e1,logo,_preview.png,NA,NA,NA,NA,NA,NA,NA,NA
f7f9e79ae3506b8c75810cae2ce276e7,logo.png,_preview.png,84,307,260,380,73,176,500,600
034c0fa142311896c1b1b6900487d2fb,logo,_preview.png,NA,NA,NA,NA,NA,NA,NA,NA
adunit-ihop-windows3-2021-mob,logo,_preview.png,NA,NA,NA,NA,NA,NA,NA,NA
e437bb1946e346784d613ce6feba7203,logo,_preview.png,NA,NA,NA,NA,NA,NA,NA,NA
adunit-yamaha-x2-x4-userchoice-cpe-av-mob,logo,_preview.png,NA,NA,NA,NA,NA,NA,NA,NA
3f8bf51e4f82aeecc825c4b2a12d92a7,logo.png,_preview.png,180,25,421,68,43,241,500,600
8968a702d64524827de2ccf55c802d6c,logo,_preview.png,NA,NA,NA,NA,NA,NA,NA,NA
64beae61d488503fcd271af0ff3ea46a,logo,_preview.png,NA,NA,NA,NA,NA,NA,NA,NA
adunit-lionsgate-moonfall-parallax-cta1-phase-spanish-mob,logo,_preview.png,NA,NA,NA,NA,NA,NA,NA,NA
adunit-yamaha-rmax-1000-sensory-plus-video-mob,logo,_preview.png,NA,NA,NA,NA,NA,NA,NA,NA
adunit-lionsgate-spiral-puzzle-mpu,logo,_preview.png,NA,NA,NA,NA,NA,NA,NA,NA
c741653e8c326e65480df0732efe96df,logo.png,_preview.png,46,40,134,76,36,88,900,600
adunit-showtime-first-lady-sensory-plus-mpu,logo,_preview.png,NA,NA,NA,NA,NA,NA,NA,NA
adunit-heineken-pure-malt-v2-mob,logo,_preview.png,NA,NA,NA,NA,NA,NA,NA,NA
dba3929fad20b7650861f74a9414c043,logo,_preview.png,NA,NA,NA,NA,NA,NA,NA,NA
9e068e03269af51054a95146bdaf3d45,logo.png,_preview.png,203,30,398,165,135,195,500,600
097b04b65ad1608a869f2fb08909a612,logo.png,_preview.png,139,137,277,254,117,138,900,600
6c200017bb5cb921e59f6a6c09491ad5,logo.png,_preview.png,0,0,358,113,113,358,500,600
9751f5044f0e9ef8e21661bf28c3d88f,logo,_preview.png,NA,NA,NA,NA,NA,NA,NA,NA
adunit-mouser-user-choice-flight4-aus-nz-cpe-av-mob,logo,_preview.png,NA,NA,NA,NA,NA,NA,NA,NA
adunit-chanel-j12-tw-white-en-2022-v1-mpu,logo,_preview.png,NA,NA,NA,NA,NA,NA,NA,NA
adunit-lionsgate-moonfall-parallax-cta3-mob,logo,_preview.png,NA,NA,NA,NA,NA,NA,NA,NA
9b9f6e8145aad25f6548fb35775d7fb3,logo,_preview.png,NA,NA,NA,NA,NA,NA,NA,NA
3dbee69360ec8c331edd1ac47c4da0ec,logo,_preview.png,NA,NA,NA,NA,NA,NA,NA,NA
adunit-ihop-ihoppy-hour-save-dollar-5-mpu,logo.png,_preview.png,243,26,356,87,61,113,500,600
da2b42ad2deaf5a4f7f3604e0e5038e1,logo,_preview.png,NA,NA,NA,NA,NA,NA,NA,NA
fae4bab75ff19f1246fb814deb4efd94,logo,_preview.png,NA,NA,NA,NA,NA,NA,NA,NA
cb1ae642e1bdcec602d24344d5d927b5,logo.png,_preview.png,235,35,366,112,77,131,500,600
6e526502767454c66cc93a391846bebd,logo,_preview.png,NA,NA,NA,NA,NA,NA,NA,NA
adunit-heineken-pure-malt-bio,logo,_preview.png,NA,NA,NA,NA,NA,NA,NA,NA
adunit-mouser-user-choice-v3-canada-cpe-mpu,logo,_preview.png,NA,NA,NA,NA,NA,NA,NA,NA
adunit-hennessy-vsop-refik-anadol,logo,_preview.png,NA,NA,NA,NA,NA,NA,NA,NA
adunit-dtc-soccer-swipe-to-catch-mob,logo,_preview.png,NA,NA,NA,NA,NA,NA,NA,NA
adunit-ntuc-fair-price-christmas-mob,logo,_preview.png,NA,NA,NA,NA,NA,NA,NA,NA
06c1d5086fb91fd2e62f4c5e29e2759c,logo,_preview.png,NA,NA,NA,NA,NA,NA,NA,NA
de22272cbb7ebe2622fa3b847330ccc6,logo.jpg,_preview.png,0,0,600,200,200,600,500,600
4df8be2d1f001c08abee098975068323,logo,_preview.png,NA,NA,NA,NA,NA,NA,NA,NA
adunit-lexus-icertified-sensory-video-google-maps-cta-mob,logo,_preview.png,NA,NA,NA,NA,NA,NA,NA,NA
91aa41c408ad4ff2e688c58c5ffe4e93,logo,_preview.png,NA,NA,NA,NA,NA,NA,NA,NA
9931c8470e7412c45c890f4f7c59c1f4,logo.png,_preview.png,92,221,496,285,64,404,500,600
adunit-lionsgate-uwomt-user-slider-sensory-video-final-mob,logo,_preview.png,NA,NA,NA,NA,NA,NA,NA,NA
adunit-facebook-conversational-commerce-3-0-vn-bio1-mob,logo,_preview.png,NA,NA,NA,NA,NA,NA,NA,NA
243e1d1c834bb95798ff4e1db49950a3,logo.png,_preview.png,99,29,504,119,90,405,500,600
6a9230f97e1bf95266390f0f94c774dd,logo,_preview.png,NA,NA,NA,NA,NA,NA,NA,NA
42b246e4d3bf68de81ab0262a2f05691,logo,_preview.png,NA,NA,NA,NA,NA,NA,NA,NA
adunit-mouser-user-choice-flight4-aus-nz-cpe-mpu,logo,_preview.png,NA,NA,NA,NA,NA,NA,NA,NA
2407dd6a760fb8ea2054a251cdb5b907,logo.png,_preview.png,40,79,500,185,106,460,900,600
4b21d71efe295df873a1d907932dae72,logo,_preview.png,NA,NA,NA,NA,NA,NA,NA,NA
b2174dea77ef62674fa5d51c84359984,logo.png,_preview.png,0,0,358,113,113,358,500,600
adunit-nestle-maggi-varieties-bouillon-en-kwt-mpu,logo,_preview.png,NA,NA,NA,NA,NA,NA,NA,NA
adunit-lionsgate-uwomt-user-slider-sensory-video-final-tune4-mob,logo,_preview.png,NA,NA,NA,NA,NA,NA,NA,NA
c6ce1941383baf5a5cbfa7cfbb89dbc2,f2-logo.png,_preview.png,58,261,364,402,141,306,500,600
de9c6db1311c86407f28feced87dc46b,logo,_preview.png,NA,NA,NA,NA,NA,NA,NA,NA
4e262fac1ce05ff65d581d668fc54e86,logo,_preview.png,NA,NA,NA,NA,NA,NA,NA,NA
b22916b05fb1e90b8b8d33812483022c,logo,_preview.png,NA,NA,NA,NA,NA,NA,NA,NA
adunit-lionsgate-americanunderdog-bio-mob,logo,_preview.png,NA,NA,NA,NA,NA,NA,NA,NA
80399f92f8970d3bc8b26af690768c15,logo,_preview.png,NA,NA,NA,NA,NA,NA,NA,NA
adunit-engagementplus-ihop-mpu,logo.png,_preview.png,162,64,442,203,139,280,500,600
adunit-jaguar-nameplate-refresh-mfcc-mpu,logo,_preview.png,NA,NA,NA,NA,NA,NA,NA,NA
bae285cdb6a38209f32e9e0c5f0a69ce,logo,_preview.png,NA,NA,NA,NA,NA,NA,NA,NA
c350b0acd9f7b128c5ba096863e5444b,logo.jpg,_preview.png,0,0,600,200,200,600,500,600
adunit-lionsgate-uwomt-user-slider-sensory-video-final-tune3-mpu,logo,_preview.png,NA,NA,NA,NA,NA,NA,NA,NA
adunit-mouser-user-choice-flight4-us-cpe-mpu,logo,_preview.png,NA,NA,NA,NA,NA,NA,NA,NA
adunit-yamaha-rmax2-1000-le-sensory-plus-video-mpu,logo,_preview.png,NA,NA,NA,NA,NA,NA,NA,NA
fdf622b95e3d532398921834f6bbfa38,logo,_preview.png,NA,NA,NA,NA,NA,NA,NA,NA
015efcdd8de3698ffc4dad6dabd6664a,logo,_preview.png,NA,NA,NA,NA,NA,NA,NA,NA
26a8b89687aab2fafd586a34fc86ed46,logo,_preview.png,NA,NA,NA,NA,NA,NA,NA,NA
adunit-heineken-sa-celebrations-bio-v3-mob,logo,_preview.png,NA,NA,NA,NA,NA,NA,NA,NA
8388c02100992a33a5a08e1e6dbe6204,logo,_preview.png,NA,NA,NA,NA,NA,NA,NA,NA
b973c711c94c3261f51e002b853be33d,logo,_preview.png,NA,NA,NA,NA,NA,NA,NA,NA
b12b03c2dec5e71fe630d3b06062982a,f3-logo.png,_preview.png,220,17,373,70,53,153,500,600
c8fc9c5e6ec515c610c73f772ed5d3a4,logo.png,_preview.png,0,0,600,900,900,600,900,600
adunit-engagement-plus-ihop-evergreen-olo-drag-right-mpu,logo,_preview.png,NA,NA,NA,NA,NA,NA,NA,NA
0aeb1ee8a72ad3c5566cf7a2885dc39b,logo,_preview.png,NA,NA,NA,NA,NA,NA,NA,NA
adunit-milk-ctc-swipe-to-catch-mpu,logo,_preview.png,NA,NA,NA,NA,NA,NA,NA,NA
2b5174ee56b69baabe7f799a9de52411,logo,_preview.png,NA,NA,NA,NA,NA,NA,NA,NA
459a8be7fbd64cc4719d79b6054de037,logo,_preview.png,NA,NA,NA,NA,NA,NA,NA,NA
016534141ab870fdbf1b9c163955924d,logo,_preview.png,NA,NA,NA,NA,NA,NA,NA,NA
c486723bb2d768d24036054973b1cebc,logo,_preview.png,NA,NA,NA,NA,NA,NA,NA,NA
c76677bf8d4e0e0d6267a8c097957e92,logo,_preview.png,NA,NA,NA,NA,NA,NA,NA,NA
eab4ad84efa8e1c830ff47d6e8ad4379,logo,_preview.png,NA,NA,NA,NA,NA,NA,NA,NA
adunit-mouser-user-choice-flight4-us-cpe-av-mpu,logo,_preview.png,NA,NA,NA,NA,NA,NA,NA,NA
adunit-yamaha-wolverine-user-choice-av-v2-mob,logo,_preview.png,NA,NA,NA,NA,NA,NA,NA,NA
a19b99c57ec298782b9fbcdde83b9734,logo,_preview.png,NA,NA,NA,NA,NA,NA,NA,NA
b429b231c4bcc785642a771a84b58eb2,logo,_preview.png,NA,NA,NA,NA,NA,NA,NA,NA
adunit-mouser-user-choice-v2-cpe-av-mpu,logo,_preview.png,NA,NA,NA,NA,NA,NA,NA,NA
44495dd7cc8acb29ea1392d6066c43d0,logo.png,_preview.png,105,41,495,94,53,390,500,600
adunit-chevy-600-1200-hotspot-explorer-cpe-av-mob,logo,_preview.png,NA,NA,NA,NA,NA,NA,NA,NA
4c3bb41d4f40f39842b7b8d3f536366a,logo.png,_preview.png,257,46,343,79,33,86,900,600
ddef3dc6e16e17bb53b7ba66a400308b,logo.png,_preview.png,0,0,600,900,900,600,900,600
adunit-yamaha-wolverine-user-choice-cpe-reuse-mob,logo,_preview.png,NA,NA,NA,NA,NA,NA,NA,NA
bb8342d60fc04fb8c4fcfdbc3025f4d9,logo,_preview.png,NA,NA,NA,NA,NA,NA,NA,NA
adunit-mouser-user-choice-v2-cpe-av-uk-mpu,logo,_preview.png,NA,NA,NA,NA,NA,NA,NA,NA
624c1fc48eda8c49a470567317891825,logo,_preview.png,NA,NA,NA,NA,NA,NA,NA,NA
adunit-mouser-user-choice-flight4-aus-nz-cpe-av-mpu,logo,_preview.png,NA,NA,NA,NA,NA,NA,NA,NA
ee8ae60b2e46e44da79fb7e59b07eae4,logo.png,_preview.png,55,405,552,562,157,497,900,600
adunit-mouser-user-choice-cpe-us-mob,logo,_preview.png,NA,NA,NA,NA,NA,NA,NA,NA
adunit-mouser-user-choice-cpe-av-canada-mob,logo,_preview.png,NA,NA,NA,NA,NA,NA,NA,NA
adunit-lionsgate-moonfall-parallax-dec-get-tickets-v2-mob,logo,_preview.png,NA,NA,NA,NA,NA,NA,NA,NA
ed3071a667a11cc56e88ae0489bfe6aa,logo,_preview.png,NA,NA,NA,NA,NA,NA,NA,NA
9afba90addb72bcdbab265b3492540e1,logo,_preview.png,NA,NA,NA,NA,NA,NA,NA,NA
afacaf5b3063c23f8231cc01be74aa1d,logo,_preview.png,NA,NA,NA,NA,NA,NA,NA,NA
92c16abb4f96ac15f03501d3d4fbda05,logo,_preview.png,NA,NA,NA,NA,NA,NA,NA,NA
adunit-engagementplus-ihop-mob,logo,_preview.png,NA,NA,NA,NA,NA,NA,NA,NA
adunit-windhoek-beer-year-end-2021-bio-v3-mob,logo,_preview.png,NA,NA,NA,NA,NA,NA,NA,NA
adunit-nestle-maggi-varieties-bouillon-ar-uae-v1-mpu,logo,_preview.png,NA,NA,NA,NA,NA,NA,NA,NA
f4fc8ed9cf50e6f77bb14054b88ee2cd,logo,_preview.png,NA,NA,NA,NA,NA,NA,NA,NA
64df515c2e4b954d029301fbc14db84a,logo,_preview.png,NA,NA,NA,NA,NA,NA,NA,NA
40a448ee93f85a6f94825b7afc1337b0,logo,_preview.png,NA,NA,NA,NA,NA,NA,NA,NA
2443bd3b890824acecbe32659b9a1246,logo,_preview.png,NA,NA,NA,NA,NA,NA,NA,NA
7ed73c1cc404f9956d26c5f58de72b2f,logo,_preview.png,NA,NA,NA,NA,NA,NA,NA,NA
90455f5ace15860874965eabd081b6f2,logo,_preview.png,NA,NA,NA,NA,NA,NA,NA,NA
adunit-chevy-hotspot-cpe-av-mpu,logo,_preview.png,NA,NA,NA,NA,NA,NA,NA,NA
adunit-facebook-conversational-commerce-3-0-vn-bio2-mob,logo,_preview.png,NA,NA,NA,NA,NA,NA,NA,NA
