Assets,top_left_X,top_left_Y,bottom_right_X,top_right_Y,height,width,total_image_height,total_image_width
bfbf7a2b7ac635e67877b1ab87fd6629,0.0,0.0,0.0,0.0,0.0,0.0,0.0,0.0
945010afbf9a55bbdffcb0895f946155,0.0,0.0,0.0,0.0,0.0,0.0,0.0,0.0
e68e20f592457b875ce29757ab855dfe,0.0,0.0,0.0,0.0,0.0,0.0,0.0,0.0
adunit-nestle-purina-friskies-mob,0.0,0.0,0.0,0.0,0.0,0.0,0.0,0.0
adunit-lionsgate-uwomt-user-slider-sensory-video-final-mpu,0.0,0.0,0.0,0.0,0.0,0.0,0.0,0.0
84327cf26d2a91e2730ae7ddbfca6d59,89.0,6.0,511.0,202.0,196.0,422.0,900.0,600.0
08b7a12a72fb5100b27197c39bab1b70,0.0,0.0,0.0,0.0,0.0,0.0,0.0,0.0
adunit-lionsgate-spiral-puzzle-v2-mpu,0.0,0.0,0.0,0.0,0.0,0.0,0.0,0.0
bb631902fce625cf0dc87d80c027c905,0.0,0.0,600.0,900.0,900.0,600.0,900.0,600.0
adunit-western-union-sensory-unit-swipe-right-tap-mpu,0.0,0.0,0.0,0.0,0.0,0.0,0.0,0.0
bcc5ae4665b6b8c2ff25dfdc65fbc65a,0.0,0.0,0.0,0.0,0.0,0.0,0.0,0.0
adunit-chevy-hotspot-cpe-mpu,0.0,0.0,0.0,0.0,0.0,0.0,0.0,0.0
adunit-yamaha-user-slider-rotate-v3-mob,0.0,0.0,0.0,0.0,0.0,0.0,0.0,0.0
adunit-showtime-dexture-post-mpu,0.0,0.0,0.0,0.0,0.0,0.0,0.0,0.0
7fc571f85358c5d37efafde99b6896d7,0.0,0.0,0.0,0.0,0.0,0.0,0.0,0.0
adunit-jaguar-nameplate-refresh-rfb-mpu,0.0,0.0,0.0,0.0,0.0,0.0,0.0,0.0
79c36d2adb94900291f5ddf1f6580c43,0.0,0.0,600.0,500.0,500.0,600.0,500.0,600.0
c7ecd71b4632aea2ffca69a1d079b290,55.0,405.0,552.0,562.0,157.0,497.0,900.0,600.0
adunit-subway-better-for-you-mpu,0.0,0.0,0.0,0.0,0.0,0.0,0.0,0.0
8fa19496d906812e1f44a983d347ee63,0.0,0.0,0.0,0.0,0.0,0.0,0.0,0.0
3ef8b18ef78ad050d1a76b801d97a08c,0.0,0.0,0.0,0.0,0.0,0.0,0.0,0.0
adunit-western-union-sensory-unit-swipe-up-tap-mpu,0.0,0.0,0.0,0.0,0.0,0.0,0.0,0.0
7f25293ac6d5c570749cea2af84e8439,0.0,0.0,0.0,0.0,0.0,0.0,0.0,0.0
3c23316180b7da3e712c0596fa01ff74,100.0,10.0,504.0,161.0,151.0,404.0,500.0,600.0
459c60702cfaae32207a161b693df47c,89.0,6.0,511.0,202.0,196.0,422.0,900.0,600.0
adunit-standardchartered-bio-mob,0.0,0.0,0.0,0.0,0.0,0.0,0.0,0.0
adunit-mouser-user-choice-v2-cpe-av-mob,0.0,0.0,0.0,0.0,0.0,0.0,0.0,0.0
61eb910425767fd90074a958328bee6a,0.0,0.0,0.0,0.0,0.0,0.0,0.0,0.0
adunit-facebook-conversational-commerce-3-0-vn-unit2-v2-mob,0.0,0.0,0.0,0.0,0.0,0.0,0.0,0.0
3a5bb9945be02e4181eee1dec5c25edc,0.0,0.0,600.0,200.0,200.0,600.0,500.0,600.0
e656e46e3a4dc66fc0baa433c94bfd1a,0.0,0.0,0.0,0.0,0.0,0.0,0.0,0.0
4264eae0ad6e1cbcea3d73d88becb787,188.0,33.0,413.0,108.0,75.0,225.0,900.0,600.0
adunit-showtime-dexter-sensory-plus-video-canvas-post-mpu,0.0,0.0,0.0,0.0,0.0,0.0,0.0,0.0
6a3dbf08b82e45b3f3e79844f3a9aa18,0.0,0.0,0.0,0.0,0.0,0.0,0.0,0.0
adunit-facebook-conversational-commerce-3-0-vn-unit2-mpu,0.0,0.0,0.0,0.0,0.0,0.0,0.0,0.0
adunit-kitkat-golden-break-gamify-en-mob,0.0,0.0,0.0,0.0,0.0,0.0,0.0,0.0
29383bc5de5a62c642fb9434d71863e7,0.0,0.0,0.0,0.0,0.0,0.0,0.0,0.0
9278a3d31c76eaa929d2326e1b2062e1,0.0,801.0,600.0,900.0,99.0,600.0,900.0,600.0
b768aedc20d9c135b355b7cd8e8beff3,0.0,0.0,0.0,0.0,0.0,0.0,0.0,0.0
ee11627c036ee9772446b6e3ac9da649,162.0,39.0,438.0,86.0,47.0,276.0,900.0,600.0
07f93a53c25007301d276ec20e7be491,53.0,384.0,552.0,530.0,146.0,499.0,900.0,600.0
2a6bbf47edb9f1cb3a722784c5e73e83,188.0,20.0,412.0,71.0,51.0,224.0,900.0,600.0
adunit-simple-feast-build-for-industry-survey-q3-mob,0.0,0.0,0.0,0.0,0.0,0.0,0.0,0.0
adunit-gme-user-choice-mpu,0.0,0.0,0.0,0.0,0.0,0.0,0.0,0.0
3a9208f5502fa4ad01ddf92a77a0e8a3,185.0,8.0,422.0,68.0,60.0,237.0,500.0,600.0
404c5d32b088d0869fd7774ce7582f89,30.0,30.0,180.0,91.0,61.0,150.0,500.0,600.0
b1e8cf36fefced5b9f20d291026b06db,0.0,0.0,0.0,0.0,0.0,0.0,0.0,0.0
b285c9ac9aa1669a7350e4c4594ea571,0.0,0.0,0.0,0.0,0.0,0.0,0.0,0.0
b8595cc38764f2c30d986c4c8080671c,0.0,0.0,0.0,0.0,0.0,0.0,0.0,0.0
42dd2154c1b6f67a461463cf322c9830,0.0,0.0,457.0,141.0,141.0,457.0,900.0,600.0
adunit-mouser-user-choice-v2-cpe-canada-mob,0.0,0.0,0.0,0.0,0.0,0.0,0.0,0.0
7db3a9c286b1a445845bad68ff95f2bb,17.0,15.0,580.0,179.0,164.0,563.0,900.0,600.0
adunit-yamaha-wolverine-user-choice-av-mob,0.0,0.0,0.0,0.0,0.0,0.0,0.0,0.0
adunit-van-cleef-and-arpels-frivole-wave-unit1-mpu,0.0,0.0,0.0,0.0,0.0,0.0,0.0,0.0
adunit-gme-user-choice-mob,0.0,0.0,0.0,0.0,0.0,0.0,0.0,0.0
73adaebd0fbf7778d06d9d711ba5c152,0.0,0.0,0.0,0.0,0.0,0.0,0.0,0.0
3bc6564698bdf9559b98b255737bbedb,0.0,0.0,0.0,0.0,0.0,0.0,0.0,0.0
df89c44299ec66120e89ab1d1296c26f,0.0,0.0,0.0,0.0,0.0,0.0,0.0,0.0
adunit-van-cleef-and-arpels-frivole-wave-unit1-mob,0.0,0.0,0.0,0.0,0.0,0.0,0.0,0.0
39d4594499ca9372338b51f71e0b6681,36.0,36.0,300.0,72.0,36.0,264.0,900.0,600.0
3c35998c3f4a279a008ac3ffd8481fea,0.0,0.0,0.0,0.0,0.0,0.0,0.0,0.0
adunit-chevy-tap-and-hold-600-1200-mob,0.0,0.0,0.0,0.0,0.0,0.0,0.0,0.0
c706a9ad6b0c2ee9295fe40dfa5b0615,40.0,383.0,398.0,498.0,115.0,358.0,500.0,600.0
8b6e13cab4903dffde5588ea2ab0c2a2,0.0,0.0,0.0,0.0,0.0,0.0,0.0,0.0
adunit-chevy-tap-final-mpu,0.0,0.0,0.0,0.0,0.0,0.0,0.0,0.0
637244e2ca7b57187bd1b563a5b85846,0.0,0.0,0.0,0.0,0.0,0.0,0.0,0.0
99558df7a3e64e9b15c34c20f44f038a,148.0,37.0,452.0,112.0,75.0,304.0,900.0,600.0
39825c2c74eae1fd9c73da842617d2da,416.0,799.0,570.0,858.0,59.0,154.0,900.0,600.0
ed9fd46313a5bce5f00d5fd720e5880f,0.0,0.0,0.0,0.0,0.0,0.0,0.0,0.0
c176d5a3e27117bc90e3820434a024d9,0.0,0.0,0.0,0.0,0.0,0.0,0.0,0.0
adunit-vodacom-ciot-curve-v1-mob,0.0,0.0,0.0,0.0,0.0,0.0,0.0,0.0
bf1f7af46eec0e92939a8b3ba51cbacd,89.0,6.0,511.0,202.0,196.0,422.0,900.0,600.0
adunit-western-union-sensory-unit-swipe-right-tap-mob,0.0,0.0,0.0,0.0,0.0,0.0,0.0,0.0
26e54c41e45e7bd0899b90fdacf124fd,0.0,0.0,0.0,0.0,0.0,0.0,0.0,0.0
adunit-mouser-user-choice-v2-cpe-av-canada-mpu,0.0,0.0,0.0,0.0,0.0,0.0,0.0,0.0
d1e28a38a4e871527e62543540d0e7a7,148.0,36.0,517.0,214.0,178.0,369.0,500.0,600.0
f5f846befe806be6021ff34f9fd60547,0.0,0.0,0.0,0.0,0.0,0.0,0.0,0.0
b4d26946d68754d77027cc419d36892f,0.0,0.0,0.0,0.0,0.0,0.0,0.0,0.0
adunit-nestle-maggi-varieties-bouillon-en-ksa-mob,0.0,0.0,0.0,0.0,0.0,0.0,0.0,0.0
96510a48f1e13c601687e80f5d60670b,0.0,0.0,600.0,152.0,152.0,600.0,900.0,600.0
adunit-lionsgate-uwomt-user-slider-sensory-video-final-tune2-mpu,0.0,0.0,0.0,0.0,0.0,0.0,0.0,0.0
09f35af0a30b37dce2f1a5ad7f143293,190.0,27.0,410.0,151.0,124.0,220.0,900.0,600.0
adunit-mouser-user-choice-v2-cpe-mob,0.0,0.0,0.0,0.0,0.0,0.0,0.0,0.0
4443d262f14a8d6d58655dcf2e8c4542,0.0,0.0,0.0,0.0,0.0,0.0,0.0,0.0
adunit-nutrella-barrilito-mpu,0.0,0.0,0.0,0.0,0.0,0.0,0.0,0.0
3f08e75ebd9b0ca68ffd298893647a13,0.0,0.0,600.0,500.0,500.0,600.0,500.0,600.0
c21bfafc138cf023080098b0f7a439d0,162.0,39.0,438.0,86.0,47.0,276.0,900.0,600.0
adunit-mouser-user-choice-flight4-canada-cpe-av-mob,0.0,0.0,0.0,0.0,0.0,0.0,0.0,0.0
adunit-facebook-conversational-commerce-3-0-vn-unit1-mpu,0.0,0.0,0.0,0.0,0.0,0.0,0.0,0.0
65299151bf4cbd1825d28e4a43d113ac,0.0,0.0,0.0,0.0,0.0,0.0,0.0,0.0
adunit-mouser-user-choice-cpe-canada-mob,0.0,0.0,0.0,0.0,0.0,0.0,0.0,0.0
adunit-j-and-j-e-commerce-v1-mob,0.0,0.0,0.0,0.0,0.0,0.0,0.0,0.0
3ff8db0779a25d3a9b92aebfb0eebe69,0.0,0.0,0.0,0.0,0.0,0.0,0.0,0.0
d3a2aee36af8bf076d1111a6115be31b,0.0,0.0,0.0,0.0,0.0,0.0,0.0,0.0
b7aa3693292fc7cf17f4fc1da680bf5d,0.0,0.0,0.0,0.0,0.0,0.0,0.0,0.0
015f38df736f5a9498b18a1d12170187,0.0,0.0,0.0,0.0,0.0,0.0,0.0,0.0
db69df88f5a7b1540d4ff829bffb97f9,0.0,0.0,600.0,900.0,900.0,600.0,900.0,600.0
22c8ca74c84370214de628417aff20d6,0.0,0.0,0.0,0.0,0.0,0.0,0.0,0.0
d6875bfe73a3abc7eea25b7de121c643,0.0,0.0,600.0,132.0,132.0,600.0,900.0,600.0
6939c3f395fc2317da25fa5b19580c68,0.0,0.0,0.0,0.0,0.0,0.0,0.0,0.0
adunit-city-square-mall-cny-mob,0.0,0.0,0.0,0.0,0.0,0.0,0.0,0.0
adunit-nestle-purina-friskies-arabic-mob,0.0,0.0,0.0,0.0,0.0,0.0,0.0,0.0
cc60737a3e2f6b713484916327764a5f,69.0,360.0,191.0,482.0,122.0,122.0,900.0,600.0
adunit-christian-dior-popup-store-mpu,0.0,0.0,0.0,0.0,0.0,0.0,0.0,0.0
f6c6774bb267182cf248fd64a5b25b59,135.0,42.0,466.0,85.0,43.0,331.0,900.0,600.0
3c99774ddf5babcf91ae21f76e9f4508,9.0,18.0,572.0,219.0,201.0,563.0,500.0,600.0
adunit-the-botanist-gin-mpu,0.0,0.0,0.0,0.0,0.0,0.0,0.0,0.0
255d22983f0277734d8063562fad31b7,28.0,40.0,576.0,884.0,844.0,548.0,900.0,600.0
adunit-mouser-user-choice-v3-canada-cpe-av-mob,0.0,0.0,0.0,0.0,0.0,0.0,0.0,0.0
adunit-heineken-sa-celebrations-bio-v2-mob,0.0,0.0,0.0,0.0,0.0,0.0,0.0,0.0
3ae630f06b5d395a7a0db157c2430093,0.0,0.0,0.0,0.0,0.0,0.0,0.0,0.0
4a626b2e90bd71acc2ef014c7e1123c7,0.0,0.0,0.0,0.0,0.0,0.0,0.0,0.0
adunit-gme-sensory-video-add-unmute-button-v2-mob,0.0,0.0,0.0,0.0,0.0,0.0,0.0,0.0
adunit-jaguar-nameplate-refresh-rc-mob,0.0,0.0,0.0,0.0,0.0,0.0,0.0,0.0
ea140a50dd4921ef96e08552e6eb9cc7,0.0,0.0,406.0,120.0,120.0,406.0,500.0,600.0
adunit-simple-feast-build-for-industry-survey-q2-mob,0.0,0.0,0.0,0.0,0.0,0.0,0.0,0.0
4e3305a488faf871189cce9831a6c863,189.0,638.0,451.0,819.0,181.0,262.0,900.0,600.0
495fb61f38dd39cd7fba4bb81af6c8f5,0.0,0.0,0.0,0.0,0.0,0.0,0.0,0.0
adunit-lexus-video-carousel-mpu,0.0,0.0,0.0,0.0,0.0,0.0,0.0,0.0
4b17a1c22c7a81c721608629b84b8b80,0.0,0.0,0.0,0.0,0.0,0.0,0.0,0.0
adunit-scotch-brite-gamification-mpu,0.0,0.0,0.0,0.0,0.0,0.0,0.0,0.0
ff88446626571f68e23c4b07063fd806,0.0,0.0,0.0,0.0,0.0,0.0,0.0,0.0
5dea9aa4ca7a1f9a0d65d85ebece9522,0.0,0.0,0.0,0.0,0.0,0.0,0.0,0.0
2a7069f1ccdc33dd1f7a200e3026b4ad,9.0,18.0,572.0,219.0,201.0,563.0,500.0,600.0
adunit-mouser-user-choice-v3-us-cpe-mob,0.0,0.0,0.0,0.0,0.0,0.0,0.0,0.0
92ecf0b80b7483c89eb72a551484970a,0.0,0.0,0.0,0.0,0.0,0.0,0.0,0.0
adunit-milk-user-slide-v1-mob,0.0,0.0,0.0,0.0,0.0,0.0,0.0,0.0
b8d87efae84799bd340ce653954a11b1,365.0,525.0,599.0,615.0,90.0,234.0,900.0,600.0
adunit-mouser-user-choice-v2-cpe-uk-mob,0.0,0.0,0.0,0.0,0.0,0.0,0.0,0.0
adunit-mouser-user-choice-cpe-uk-mpu,0.0,0.0,0.0,0.0,0.0,0.0,0.0,0.0
75ada73f9b02a1f6e04f1bf69d5bd007,62.0,35.0,533.0,160.0,125.0,471.0,900.0,600.0
adunit-j-and-j-listerine-tonic3-exxon-mpu,0.0,0.0,0.0,0.0,0.0,0.0,0.0,0.0
3ee05bbb667222104101da1831329c3c,0.0,0.0,0.0,0.0,0.0,0.0,0.0,0.0
b34d551e23ad7ce5a494453bcc409ccc,0.0,0.0,0.0,0.0,0.0,0.0,0.0,0.0
adunit-mouser-user-choice-v3-us-cpe-av-mob,0.0,0.0,0.0,0.0,0.0,0.0,0.0,0.0
adunit-ggpoker-gamification-user-choice-mpu,0.0,0.0,0.0,0.0,0.0,0.0,0.0,0.0
adunit-cartier-clash-swipe-or-tap-to-scroll-mob,0.0,0.0,0.0,0.0,0.0,0.0,0.0,0.0
adunit-chevy-user-slider-seat-interior-300-600-cpe-av-mob,0.0,0.0,0.0,0.0,0.0,0.0,0.0,0.0
adunit-nestle-maggi-varieties-bouillon-ar-uae-mpu,0.0,0.0,0.0,0.0,0.0,0.0,0.0,0.0
adunit-subway-better-for-you-mob,0.0,0.0,0.0,0.0,0.0,0.0,0.0,0.0
adunit-yamaha-wolverine-user-choice-cpe-mob,0.0,0.0,0.0,0.0,0.0,0.0,0.0,0.0
c94556717fc1d3783d27f51ae1b5350e,30.0,30.0,172.0,93.0,63.0,142.0,500.0,600.0
adunit-ihop-ihoppy-hour-save-dollar-5-mob,0.0,0.0,0.0,0.0,0.0,0.0,0.0,0.0
7e0b86cf99bbb9152f0d510d36f84f40,0.0,0.0,0.0,0.0,0.0,0.0,0.0,0.0
0814384db6d5dac4b55e781d99eeb4cb,0.0,0.0,0.0,0.0,0.0,0.0,0.0,0.0
0a59be2e7dd53d6de11a10ce3649c081,0.0,0.0,0.0,0.0,0.0,0.0,0.0,0.0
269d061e1b507338d8b4c69676f9ffa1,180.0,40.0,420.0,100.0,60.0,240.0,900.0,600.0
3ba7994ec2ea0b953b57457bd25ac857,0.0,0.0,0.0,0.0,0.0,0.0,0.0,0.0
76fe8ed6d5462ff2cc0ee750d2221a52,0.0,0.0,0.0,0.0,0.0,0.0,0.0,0.0
adunit-jaguar-nameplate-refresh-rfb-mob,0.0,0.0,0.0,0.0,0.0,0.0,0.0,0.0
b42473e8fdb0b3d6ea798f4118ef23aa,0.0,0.0,0.0,0.0,0.0,0.0,0.0,0.0
c0ccae16df156f9744c8c74e252ad00b,0.0,0.0,600.0,500.0,500.0,600.0,500.0,600.0
782fd6ca8cf0483d38a3d685a9cdb536,0.0,0.0,600.0,100.0,100.0,600.0,500.0,600.0
adunit-ihop-ihoppy-hour-mpu,0.0,0.0,600.0,500.0,500.0,600.0,500.0,600.0
f38dae81fae6d60408100503e4661ac6,0.0,0.0,0.0,0.0,0.0,0.0,0.0,0.0
424a4a0bfde5a836ed93394a8c099b17,0.0,0.0,0.0,0.0,0.0,0.0,0.0,0.0
83952985710c8e1646ac09269938e730,0.0,0.0,0.0,0.0,0.0,0.0,0.0,0.0
adunit-western-union-sensory-unit-swipe-right-v2-mpu,0.0,0.0,0.0,0.0,0.0,0.0,0.0,0.0
adunit-chevy-tap-and-hold-600-1200-final-mob,0.0,0.0,0.0,0.0,0.0,0.0,0.0,0.0
adunit-scotch-brite-gamification-thai-mob,0.0,0.0,0.0,0.0,0.0,0.0,0.0,0.0
f125ec6ad94bd7b93c1502fb7e16e2ba,0.0,0.0,0.0,0.0,0.0,0.0,0.0,0.0
6befe54086758294b47addf0c12052a7,0.0,0.0,0.0,0.0,0.0,0.0,0.0,0.0
ba62e65857faee399998f5d4dad7feaf,0.0,0.0,0.0,0.0,0.0,0.0,0.0,0.0
adunit-lexus-video-carousel-cpe-mob,0.0,0.0,0.0,0.0,0.0,0.0,0.0,0.0
d2210530c4400ba1eaf5f712b646e7e6,0.0,0.0,0.0,0.0,0.0,0.0,0.0,0.0
adunit-yamaha-x2-x4-userchoice-cpe-mpu,0.0,0.0,0.0,0.0,0.0,0.0,0.0,0.0
05fa49d47b280182d4684b9f3358ded4,0.0,32.0,504.0,281.0,249.0,504.0,500.0,600.0
adunit-mouser-user-choice-cpe-av-canada-mpu,0.0,0.0,0.0,0.0,0.0,0.0,0.0,0.0
adunit-cartier-clash-swipe-or-tap-to-scroll-ch-mpu,0.0,0.0,0.0,0.0,0.0,0.0,0.0,0.0
65d2519c16266cf9a3b1a8a3d2d82c99,0.0,0.0,0.0,0.0,0.0,0.0,0.0,0.0
28c88e21eaae4c3db86fe5a48ae9c7d5,0.0,0.0,0.0,0.0,0.0,0.0,0.0,0.0
251daf76d78711e74c9b441f4bb62834,49.0,38.0,552.0,117.0,79.0,503.0,900.0,600.0
adunit-nestle-maggi-varieties-bouillon-en-ksa-mpu,0.0,0.0,0.0,0.0,0.0,0.0,0.0,0.0
adunit-femsa-coca-cola-new-sugar-free-mob,0.0,0.0,0.0,0.0,0.0,0.0,0.0,0.0
adunit-ihop-window4-scary-face-mob,295.0,707.0,463.0,797.0,90.0,168.0,900.0,600.0
adunit-lionsgate-uwomt-sensory-plus-tune-3-mob,0.0,0.0,0.0,0.0,0.0,0.0,0.0,0.0
d485045274821654173302dc5c7783c9,0.0,0.0,0.0,0.0,0.0,0.0,0.0,0.0
dd43631ca1bf97d6c4966780b1f13a87,0.0,0.0,0.0,0.0,0.0,0.0,0.0,0.0
adunit-engagement-plus-ihop-evergreen-olo-drag-left-mpu,0.0,0.0,0.0,0.0,0.0,0.0,0.0,0.0
adunit-cartier-clash-swipe-or-tap-to-scroll-mpu,0.0,0.0,0.0,0.0,0.0,0.0,0.0,0.0
42c5b4b367187c29ac8fdd78c70837d6,127.0,296.0,471.0,459.0,163.0,344.0,900.0,600.0
0736dda52dd3ef12dc4f82fb51b1becd,31.0,118.0,275.0,241.0,123.0,244.0,500.0,600.0
0301a5865ecfd7c5a1653dde10a5aedf,0.0,0.0,0.0,0.0,0.0,0.0,0.0,0.0
6ae22e38b45ebb28b3202d7cf8515ce4,0.0,0.0,0.0,0.0,0.0,0.0,0.0,0.0
5a48ffcbf611f167ecbb884e807f31f6,0.0,0.0,0.0,0.0,0.0,0.0,0.0,0.0
3d18cfe28f2fbadff32db07a2132e12c,89.0,6.0,511.0,202.0,196.0,422.0,900.0,600.0
698aa039cb003c1773b68cf89ab37096,186.0,815.0,445.0,900.0,85.0,259.0,900.0,600.0
adunit-yamaha-wolverine-user-choice-av-reuse-mob,0.0,0.0,0.0,0.0,0.0,0.0,0.0,0.0
adunit-mouser-user-choice-v2-cpe-aus-nz-mpu,0.0,0.0,0.0,0.0,0.0,0.0,0.0,0.0
adunit-mouser-user-choice-v2-cpe-mpu,0.0,0.0,0.0,0.0,0.0,0.0,0.0,0.0
adunit-instagram-bio-mob,0.0,0.0,0.0,0.0,0.0,0.0,0.0,0.0
adunit-mouser-user-choice-flight4-uk-cpe-av-mob,0.0,0.0,0.0,0.0,0.0,0.0,0.0,0.0
e6e771ae6f00d0f2ada4d2280cfd7740,0.0,0.0,0.0,0.0,0.0,0.0,0.0,0.0
f95ed1b647ad098a3738f1b58142decd,0.0,0.0,0.0,0.0,0.0,0.0,0.0,0.0
4f435640fb278b789726bbcd47ce5daf,0.0,0.0,0.0,0.0,0.0,0.0,0.0,0.0
adunit-van-cleef-and-arpels-alhambra-and-frivole-q2-bio,0.0,0.0,0.0,0.0,0.0,0.0,0.0,0.0
b16e25c480f043e4be7d8e011bfa5e95,0.0,417.0,156.0,500.0,83.0,156.0,500.0,600.0
adunit-not-co-icecream-br-mpu,0.0,0.0,0.0,0.0,0.0,0.0,0.0,0.0
3a3878c4fa9698438884f2288bdd1ea2,0.0,0.0,600.0,200.0,200.0,600.0,500.0,600.0
e1abe0c4a3df40bbb0d35d089caa13a5,0.0,0.0,600.0,200.0,200.0,600.0,500.0,600.0
65fb17277b3fbfe200f6ac90f0717c48,0.0,0.0,0.0,0.0,0.0,0.0,0.0,0.0
085e477e7aa74fc3a222bcb4385000be,0.0,0.0,0.0,0.0,0.0,0.0,0.0,0.0
adunit-lionsgate-spiral-new-2-puzzle-v5-mpu,0.0,0.0,0.0,0.0,0.0,0.0,0.0,0.0
06162b54235c76bfc73c297dd000614a,0.0,0.0,598.0,895.0,895.0,598.0,900.0,600.0
adunit-windhoek-beer-year-end-2021-bio-v1-mob,0.0,0.0,0.0,0.0,0.0,0.0,0.0,0.0
3d8be6f0a1e1c248a02befc0dd3f6bec,0.0,0.0,600.0,900.0,900.0,600.0,900.0,600.0
2b7e702f208b7fd60d15d0bdadd269f4,0.0,785.0,600.0,862.0,77.0,600.0,900.0,600.0
fac33ac29ac616dfa0053558c1a3c03c,0.0,0.0,0.0,0.0,0.0,0.0,0.0,0.0
adunit-mouser-user-choice-flight4-uk-cpe-mob,0.0,0.0,0.0,0.0,0.0,0.0,0.0,0.0
ca1d489a0c1849845cb7144e51b0a7a1,206.0,25.0,401.0,73.0,48.0,195.0,500.0,600.0
adunit-lionsgate-moonfall-parallax-dec-mpu,0.0,0.0,0.0,0.0,0.0,0.0,0.0,0.0
2842f18b64fb7ac0661021da97de0def,0.0,0.0,0.0,0.0,0.0,0.0,0.0,0.0
adunit-ge-biofuel-userchoice-mob,0.0,0.0,0.0,0.0,0.0,0.0,0.0,0.0
4247849793e2e0d3082ee5151a7e9416,0.0,0.0,0.0,0.0,0.0,0.0,0.0,0.0
c38c56f98c1db74d1f613ec31d8bcf75,0.0,0.0,0.0,0.0,0.0,0.0,0.0,0.0
b046eee3c13e2f88aba3c40743093d13,0.0,0.0,0.0,0.0,0.0,0.0,0.0,0.0
adunit-doritos-niknaks-v1-mob,0.0,0.0,0.0,0.0,0.0,0.0,0.0,0.0
9d7dacc59d5bfde6cfaa17d2604ae9d5,0.0,0.0,0.0,0.0,0.0,0.0,0.0,0.0
43a29939d9ac51d99f5e3b4822914efe,0.0,0.0,0.0,0.0,0.0,0.0,0.0,0.0
21d4924d608d1258ea35a53b314660bc,88.0,199.0,513.0,251.0,52.0,425.0,500.0,600.0
c4b651056516bc245b6b0dd78c2b192c,22.0,720.0,578.0,753.0,33.0,556.0,900.0,600.0
406833de6c44d0a19ab9db1559828563,0.0,0.0,0.0,0.0,0.0,0.0,0.0,0.0
ec53b0973db5a35d83fd5bb009802bdb,0.0,0.0,0.0,0.0,0.0,0.0,0.0,0.0
050fd94fd028e2b766dcbfa5a9586d2c,348.0,587.0,576.0,702.0,115.0,228.0,900.0,600.0
95585c17779c722e67067c189cf15d63,0.0,0.0,0.0,0.0,0.0,0.0,0.0,0.0
f6525e69f4bbebe1b522d463080006ce,0.0,0.0,0.0,0.0,0.0,0.0,0.0,0.0
adunit-chevy-panoramic-hotspot-explorer-cpe-av-mob,0.0,0.0,0.0,0.0,0.0,0.0,0.0,0.0
3bc12d2bdea947d4502e885b6d9aa442,0.0,278.0,600.0,406.0,128.0,600.0,900.0,600.0
adunit-grofers-veggies-noodles-mob,0.0,0.0,0.0,0.0,0.0,0.0,0.0,0.0
adunit-ge-biofuel-userchoice-mpu,0.0,0.0,0.0,0.0,0.0,0.0,0.0,0.0
c911bb936656e056779e31c273417b46,0.0,0.0,0.0,0.0,0.0,0.0,0.0,0.0
437ff18f66a2e2351c45582104ec8b65,0.0,0.0,0.0,0.0,0.0,0.0,0.0,0.0
00dfe88c4d3fb60793765d314bf24b7c,0.0,0.0,0.0,0.0,0.0,0.0,0.0,0.0
adunit-not-co-icecream-br-mob,0.0,0.0,0.0,0.0,0.0,0.0,0.0,0.0
3f435a895024e81fd5126354c7972b0f,0.0,0.0,0.0,0.0,0.0,0.0,0.0,0.0
adunit-mouser-user-choice-flight4-canada-cpe-av-mpu,0.0,0.0,0.0,0.0,0.0,0.0,0.0,0.0
adunit-engagement-plus-ihop-evergreen-olo-drag-right-mob,0.0,0.0,0.0,0.0,0.0,0.0,0.0,0.0
d37f1a5e7d90e81756244e1bff3141bc,0.0,0.0,0.0,0.0,0.0,0.0,0.0,0.0
ee5f0e9c4a1296a30944be613ab2028c,230.0,48.0,370.0,93.0,45.0,140.0,900.0,600.0
ecc6562c52ea0a03f794e7cec023bd0b,0.0,0.0,0.0,0.0,0.0,0.0,0.0,0.0
0b1ee11406e97cc6fb4229deeb19e6b7,0.0,0.0,0.0,0.0,0.0,0.0,0.0,0.0
00508a6979fdd9c2e5f8c68bfefe5f71,0.0,0.0,0.0,0.0,0.0,0.0,0.0,0.0
ae30ff3cae1f369954f5e91499b9e515,0.0,0.0,0.0,0.0,0.0,0.0,0.0,0.0
6d72ce3e20781f20fb420b30d3dd8b0e,0.0,0.0,0.0,0.0,0.0,0.0,0.0,0.0
af2eecc9194b8e3596bdb9d669f61715,0.0,0.0,0.0,0.0,0.0,0.0,0.0,0.0
fef95c5e1ee5bc235b56d7c508d3bcd0,0.0,0.0,0.0,0.0,0.0,0.0,0.0,0.0
adunit-milk-user-slide-v2-mob,0.0,0.0,0.0,0.0,0.0,0.0,0.0,0.0
adunit-chevy-tap-and-hold-mob,0.0,0.0,0.0,0.0,0.0,0.0,0.0,0.0
adunit-mouser-user-choice-flight4-canada-cpe-mob,0.0,0.0,0.0,0.0,0.0,0.0,0.0,0.0
adunit-yamaha-sensory-plus-video-mpu,0.0,0.0,0.0,0.0,0.0,0.0,0.0,0.0
adunit-lexus-video-carousel-mob,0.0,0.0,0.0,0.0,0.0,0.0,0.0,0.0
23fb8e9094b55306b08f7157c4b5ec43,42.0,358.0,558.0,390.0,32.0,516.0,500.0,600.0
adunit-therezopolis-beer-chegou-mob,0.0,0.0,0.0,0.0,0.0,0.0,0.0,0.0
9ecf3c519703026495d4f82df8bb2388,171.0,57.0,429.0,176.0,119.0,258.0,500.0,600.0
adunit-jaguar-nameplate-refresh-v2-lca-mob,0.0,0.0,0.0,0.0,0.0,0.0,0.0,0.0
edd62a365ff46ae8c2e7a88dcb48ba56,54.0,411.0,544.0,489.0,78.0,490.0,900.0,600.0
adunit-van-cleef-and-arpels-frivole-wave-unit2-tap-version-mob,0.0,0.0,0.0,0.0,0.0,0.0,0.0,0.0
adunit-j12-tw-mob,0.0,0.0,0.0,0.0,0.0,0.0,0.0,0.0
adunit-yamaha-wolverine-user-choice-cpe-mpu,0.0,0.0,0.0,0.0,0.0,0.0,0.0,0.0
adunit-gm-ces-user-choice-mob,0.0,0.0,0.0,0.0,0.0,0.0,0.0,0.0
267aa12df20c85a8c215e3d6f7a74879,0.0,0.0,0.0,0.0,0.0,0.0,0.0,0.0
f43220f51d51bba30046e637600bd773,0.0,0.0,0.0,0.0,0.0,0.0,0.0,0.0
28a291ca9f966fdc0e1bc917c019aced,0.0,0.0,0.0,0.0,0.0,0.0,0.0,0.0
b6519446fad0a84445faf9620f0fa02e,0.0,0.0,0.0,0.0,0.0,0.0,0.0,0.0
85d3838428307a4c8b16712bdc15330e,0.0,0.0,0.0,0.0,0.0,0.0,0.0,0.0
adunit-scotch-brite-gamification-v2-mob,0.0,0.0,0.0,0.0,0.0,0.0,0.0,0.0
3f749b8fd9e49bca68b5fdc0ca391cd8,280.0,43.0,533.0,223.0,180.0,253.0,900.0,600.0
5a051f7c0a58d5301f9953827218bc55,89.0,6.0,511.0,202.0,196.0,422.0,900.0,600.0
2aab06df5509c6727fd35c7344796eb1,0.0,0.0,0.0,0.0,0.0,0.0,0.0,0.0
adunit-lionsgate-moonfall-parallax-cta4-mpu,0.0,0.0,0.0,0.0,0.0,0.0,0.0,0.0
4e232e906e1e6a2b6cd8eedc467905f2,0.0,0.0,0.0,0.0,0.0,0.0,0.0,0.0
adunit-showtime-first-lady-sensory-plus-mob,0.0,0.0,0.0,0.0,0.0,0.0,0.0,0.0
fb755cbcc0e9b7069382745e6841f2ba,367.0,218.0,504.0,368.0,150.0,137.0,900.0,600.0
db4c6d9a38437a0b76bb047ca37519d4,0.0,0.0,0.0,0.0,0.0,0.0,0.0,0.0
b58595e2670fde268a1c6dc7b9fc8ba3,129.0,622.0,478.0,789.0,167.0,349.0,900.0,600.0
79e5acae0b9e9789b90f0b362f449eb1,0.0,0.0,600.0,500.0,500.0,600.0,500.0,600.0
adunit-yamaha-wolverine-user-choice-av-mpu,0.0,0.0,0.0,0.0,0.0,0.0,0.0,0.0
9f157ba406572210d000f1478e8e656c,0.0,0.0,0.0,0.0,0.0,0.0,0.0,0.0
adunit-simple-feast-build-for-industry-survey-q5-mob,0.0,0.0,0.0,0.0,0.0,0.0,0.0,0.0
6280249e98882910535061f21ae36875,0.0,0.0,0.0,0.0,0.0,0.0,0.0,0.0
adunit-therezopolis-beer-chegou-mpu,0.0,0.0,0.0,0.0,0.0,0.0,0.0,0.0
adunit-scotch-brite-gamification-thai-mpu,0.0,0.0,0.0,0.0,0.0,0.0,0.0,0.0
adunit-lionsgate-uwomt-user-slider-sensory-video-final-tune4-mpu,0.0,0.0,0.0,0.0,0.0,0.0,0.0,0.0
c8a1bbadb8931aee1d1438ae9962814e,0.0,0.0,0.0,0.0,0.0,0.0,0.0,0.0
be6513d80192c25426e5e8f24e6e4dea,0.0,0.0,0.0,0.0,0.0,0.0,0.0,0.0
adunit-ihop-ihoppy-hour-20-percent-off-mpu,0.0,0.0,600.0,500.0,500.0,600.0,500.0,600.0
82c919a29087bad5dbedb9b64247e6d6,0.0,0.0,0.0,0.0,0.0,0.0,0.0,0.0
4799763419d621cd41e7fb8abbcdd45d,0.0,0.0,0.0,0.0,0.0,0.0,0.0,0.0
73bfd5e041e99938ca1ef8b1e2355e02,0.0,0.0,0.0,0.0,0.0,0.0,0.0,0.0
3e9add27f21781f8a3c227f5b9a1da31,72.0,65.0,527.0,206.0,141.0,455.0,900.0,600.0
045a67d8bbba2805d2e421bc5b83d775,180.0,25.0,421.0,68.0,43.0,241.0,500.0,600.0
adunit-ihop-ihoppy-hour-no-offer-mpu,0.0,0.0,0.0,0.0,0.0,0.0,0.0,0.0
596052151e9fd6031a05ed88473b7445,0.0,0.0,0.0,0.0,0.0,0.0,0.0,0.0
adunit-samsung-r9-launch-mob,0.0,0.0,0.0,0.0,0.0,0.0,0.0,0.0
adunit-chevy-user-slider-seat-interior-v1-cpe-av-mpu,0.0,0.0,0.0,0.0,0.0,0.0,0.0,0.0
adunit-scotch-brite-scrub-dots-sponge-tap-mob,0.0,0.0,0.0,0.0,0.0,0.0,0.0,0.0
be3f931b8039ef187f1dcfa3d488c041,0.0,0.0,0.0,0.0,0.0,0.0,0.0,0.0
adunit-zee-punjabi-antakshari-in-mpu,0.0,0.0,0.0,0.0,0.0,0.0,0.0,0.0
adunit-chanel-j12-tw-white-en-2022-mpu,0.0,0.0,0.0,0.0,0.0,0.0,0.0,0.0
3fb5ad02f38444843e343df0b505841d,0.0,0.0,0.0,0.0,0.0,0.0,0.0,0.0
6c9f892bee893be71087c8300010d9a8,0.0,0.0,0.0,0.0,0.0,0.0,0.0,0.0
4246216d92d4ceaf0580115dd775c2e2,0.0,0.0,0.0,0.0,0.0,0.0,0.0,0.0
e0c8ecc4ba1bc299fb4e43f6faccffb9,0.0,0.0,600.0,900.0,900.0,600.0,900.0,600.0
600c1fdc6860cf16358e00cc238a42f6,51.0,410.0,550.0,491.0,81.0,499.0,900.0,600.0
adunit-hitmans-wifes-body-guard-user-choice-v1-mob,0.0,0.0,0.0,0.0,0.0,0.0,0.0,0.0
adunit-jaguar-nameplate-refresh-lca-mpu,0.0,0.0,0.0,0.0,0.0,0.0,0.0,0.0
995eb7a981794358eaa84a46cde6c288,0.0,0.0,0.0,0.0,0.0,0.0,0.0,0.0
053e01474c777e16d2ac04c884685457,168.0,129.0,431.0,361.0,232.0,263.0,500.0,600.0
248ad697696f5e5ef82b968bfe5480ba,0.0,0.0,0.0,0.0,0.0,0.0,0.0,0.0
e08fda6d23b50ed0e9ec2fed06e21518,0.0,0.0,600.0,900.0,900.0,600.0,900.0,600.0
e1ebbff8accc9d16ea82e3b8a6636d70,0.0,0.0,0.0,0.0,0.0,0.0,0.0,0.0
adunit-ihop-window4-scary-face-mpu,63.0,286.0,215.0,367.0,81.0,152.0,500.0,600.0
45390f174ef85b574d3b81a0f5c1bab0,0.0,0.0,0.0,0.0,0.0,0.0,0.0,0.0
99bcf45376c5182e77af6b40ccfa2d3b,0.0,0.0,0.0,0.0,0.0,0.0,0.0,0.0
d60dcbc971efa0b4c3cb76c245c35ced,179.0,27.0,421.0,109.0,82.0,242.0,900.0,600.0
3a6d279abd87aadd09f950bcb123e358,0.0,0.0,600.0,500.0,500.0,600.0,500.0,600.0
adunit-mouser-user-choice-flight4-uk-cpe-mpu,0.0,0.0,0.0,0.0,0.0,0.0,0.0,0.0
adunit-mouser-user-choice-cpe-av-uk-mpu,0.0,0.0,0.0,0.0,0.0,0.0,0.0,0.0
adunit-playstation-spring-sale-snsory-plus-mpu,0.0,0.0,0.0,0.0,0.0,0.0,0.0,0.0
677e3e6c41c26d12647a0deb0a58c758,0.0,0.0,0.0,0.0,0.0,0.0,0.0,0.0
c2b3575ecfffe09f0f3b97a5883e6da6,0.0,0.0,0.0,0.0,0.0,0.0,0.0,0.0
4b31e9f5af8d0a4bf2c565ffa8a43800,0.0,0.0,600.0,900.0,900.0,600.0,900.0,600.0
adunit-standard-chartered-year-end-2021-bio-mob,0.0,0.0,0.0,0.0,0.0,0.0,0.0,0.0
adunit-mouser-user-choice-cpe-av-uk-mob,0.0,0.0,0.0,0.0,0.0,0.0,0.0,0.0
adunit-nestle-maggi-varieties-bouillon-en-kwt-mob,0.0,0.0,0.0,0.0,0.0,0.0,0.0,0.0
753b879a06a0f89feaa3928f37d4c6fe,432.0,25.0,577.0,47.0,22.0,145.0,900.0,600.0
adunit-mouser-user-choice-v2-cpe-av-uk-mob,0.0,0.0,0.0,0.0,0.0,0.0,0.0,0.0
adunit-j-and-j-listerine-tonic3-exxon-fs,0.0,0.0,0.0,0.0,0.0,0.0,0.0,0.0
89f522cf0adb2cc171321fb50abc9fc5,0.0,0.0,600.0,500.0,500.0,600.0,500.0,600.0
e37596726bbaf0321aed953b6f8e1be7,0.0,0.0,0.0,0.0,0.0,0.0,0.0,0.0
025bf4faf2102b1376bddee41dc7948e,0.0,0.0,0.0,0.0,0.0,0.0,0.0,0.0
2561bbefebc84dc200ca14d63b221d55,0.0,0.0,600.0,500.0,500.0,600.0,500.0,600.0
24400997671ee80961dfe1ef30072499,235.0,828.0,386.0,876.0,48.0,151.0,900.0,600.0
c154ec796ae46371d8bc35744ee47b0e,0.0,0.0,0.0,0.0,0.0,0.0,0.0,0.0
adunit-heineken-pure-malt-v2-mpu,0.0,0.0,0.0,0.0,0.0,0.0,0.0,0.0
adunit-jaguar-nameplate-refresh-f-type-mpu,0.0,0.0,0.0,0.0,0.0,0.0,0.0,0.0
2a25b8b900eeb431fc7627a231bbc562,0.0,0.0,0.0,0.0,0.0,0.0,0.0,0.0
adunit-windhoek-beer-year-end-2021-bio-v2-mob,0.0,0.0,0.0,0.0,0.0,0.0,0.0,0.0
adunit-mouser-user-choice-v2-cpe-canada-mpu,0.0,0.0,0.0,0.0,0.0,0.0,0.0,0.0
adunit-livspace-before-after-in-mpu,0.0,0.0,0.0,0.0,0.0,0.0,0.0,0.0
adunit-mouser-user-choice-flight4-uk-cpe-av-mpu,0.0,0.0,0.0,0.0,0.0,0.0,0.0,0.0
adunit-van-cleef-and-arpels-frivole-wave-unit2-mpu,0.0,0.0,0.0,0.0,0.0,0.0,0.0,0.0
7feef5faff5461ca47f061ed5efbccf5,0.0,0.0,0.0,0.0,0.0,0.0,0.0,0.0
adunit-mouser-user-choice-v2-cpe-av-aus-nz-mob,0.0,0.0,0.0,0.0,0.0,0.0,0.0,0.0
fbb156a0dc35c2e9f126d5140ae6ea66,0.0,0.0,0.0,0.0,0.0,0.0,0.0,0.0
adunit-jaguar-nameplate-refresh-f-type-back-mob,0.0,0.0,0.0,0.0,0.0,0.0,0.0,0.0
94ed9dbaf0a8f0a64d4e04a3b1d9431a,0.0,0.0,0.0,0.0,0.0,0.0,0.0,0.0
59f430cb4755fb8e77109dcc9c8fb888,222.0,182.0,301.0,261.0,79.0,79.0,500.0,600.0
adunit-yamaha-wolverine-user-choice-av-v2-mpu,0.0,0.0,0.0,0.0,0.0,0.0,0.0,0.0
783719d2b23ee967711abba9de4e7884,0.0,0.0,0.0,0.0,0.0,0.0,0.0,0.0
39869b76f24193f841d1f95442803be3,0.0,0.0,0.0,0.0,0.0,0.0,0.0,0.0
024df5698f28a46ebf4ac1ac5df2c202,0.0,0.0,0.0,0.0,0.0,0.0,0.0,0.0
adunit-doritos-niknaks-mob,0.0,0.0,0.0,0.0,0.0,0.0,0.0,0.0
adunit-mouser-user-choice-flight4-us-cpe-av-mob,0.0,0.0,0.0,0.0,0.0,0.0,0.0,0.0
adunit-western-union-sensory-unit-swipe-up-v2-mob,0.0,0.0,0.0,0.0,0.0,0.0,0.0,0.0
adunit-yamaha-x2-x4-userchoice-cpe-mob,0.0,0.0,0.0,0.0,0.0,0.0,0.0,0.0
74fb31e6b022b403306f12d715053717,25.0,26.0,206.0,88.0,62.0,181.0,500.0,600.0
0792c911c288bd241c1e2a2b64bce488,246.0,219.0,422.0,325.0,106.0,176.0,900.0,600.0
281ca748ff2f73232baa2a2d98041a63,0.0,0.0,0.0,0.0,0.0,0.0,0.0,0.0
3c741855acd9576b4e311d5cd990ae77,0.0,0.0,600.0,200.0,200.0,600.0,500.0,600.0
adunit-heineken-pure-malt-mob,0.0,0.0,0.0,0.0,0.0,0.0,0.0,0.0
4008b0311b08183a8e6d7d6d01cea464,164.0,420.0,436.0,462.0,42.0,272.0,500.0,600.0
002dbbd85ef3fe6a2e7d0754fb9f9a1a,0.0,93.0,598.0,444.0,351.0,598.0,500.0,600.0
4546fea5413797d10224198aaa34fe45,22.0,720.0,578.0,753.0,33.0,556.0,900.0,600.0
88d9068b2d0ea2492b160a2e028d3429,0.0,0.0,0.0,0.0,0.0,0.0,0.0,0.0
cd8d3632d222fd9e87e32c9d0ecafdea,0.0,0.0,0.0,0.0,0.0,0.0,0.0,0.0
4c0bb312924b2faa49f1eb556a5377ec,0.0,0.0,0.0,0.0,0.0,0.0,0.0,0.0
adunit-mouser-user-choice-flight4-aus-nz-cpe-mob,0.0,0.0,0.0,0.0,0.0,0.0,0.0,0.0
adunit-showtime-dexture-mob,0.0,0.0,0.0,0.0,0.0,0.0,0.0,0.0
adunit-engagement-plus-ihop-evergreen-olo-drag-left-mob,0.0,0.0,0.0,0.0,0.0,0.0,0.0,0.0
3e46da2a3160460b9be21da8ea0ce68e,308.0,759.0,560.0,861.0,102.0,252.0,900.0,600.0
f033db746b20e747ee528caa07f0b2de,0.0,0.0,0.0,0.0,0.0,0.0,0.0,0.0
adunit-mouser-user-choice-v2-cpe-av-aus-nz-mpu,0.0,0.0,0.0,0.0,0.0,0.0,0.0,0.0
6e628eb5fafe4a43309363ef8e8efc12,0.0,0.0,600.0,500.0,500.0,600.0,500.0,600.0
b2504a570b6274172b6bd9558118f772,0.0,0.0,0.0,0.0,0.0,0.0,0.0,0.0
adunit-yamaha-wolverine-user-choice-cpe-v2-mob,0.0,0.0,0.0,0.0,0.0,0.0,0.0,0.0
adunit-nestle-maggi-varieties-bouillon-en-uae-mob,0.0,0.0,0.0,0.0,0.0,0.0,0.0,0.0
0a18978cdc8b64f900b0db6a297eb99d,0.0,0.0,0.0,0.0,0.0,0.0,0.0,0.0
adunit-femsa-coca-cola-new-sugar-free-mpu,0.0,0.0,0.0,0.0,0.0,0.0,0.0,0.0
5dae3772408bcecb586bf62312c13838,0.0,0.0,0.0,0.0,0.0,0.0,0.0,0.0
adunit-nestle-maggi-varieties-bouillon-ar-uae-mob,0.0,0.0,0.0,0.0,0.0,0.0,0.0,0.0
adunit-showtime-dexture-post-mob,0.0,0.0,0.0,0.0,0.0,0.0,0.0,0.0
f701e15a157e1418704c2b18a13fb471,22.0,720.0,578.0,753.0,33.0,556.0,900.0,600.0
adunit-lionsgate-spiral-puzzle-v2-mob,0.0,0.0,0.0,0.0,0.0,0.0,0.0,0.0
adunit-mouser-user-choice-cpe-av-aus-nz-mob,0.0,0.0,0.0,0.0,0.0,0.0,0.0,0.0
08fc9a9f04de967fe87c5061c32d3b84,62.0,75.0,537.0,223.0,148.0,475.0,900.0,600.0
64a625126af2759b5e84aed912400e4f,205.0,296.0,509.0,441.0,145.0,304.0,500.0,600.0
eb84457fc98f942bb27157e930794c61,0.0,0.0,0.0,0.0,0.0,0.0,0.0,0.0
5d8310907217d0f5385f765f133ad475,0.0,0.0,0.0,0.0,0.0,0.0,0.0,0.0
adunit-tiger-crystel-beer-inner-fire-bio-mob,0.0,0.0,0.0,0.0,0.0,0.0,0.0,0.0
adunit-mouser-user-choice-v3-aus-nz-cpe-mpu,0.0,0.0,0.0,0.0,0.0,0.0,0.0,0.0
4febb144783cbf0059748799ed8b4945,0.0,0.0,0.0,0.0,0.0,0.0,0.0,0.0
adunit-van-cleef-and-arpels-frivole-wave-unit2-tap-version-mpu,0.0,0.0,0.0,0.0,0.0,0.0,0.0,0.0
adunit-nestle-maggi-varieties-bouillon-ar-kwt-v1-mpu,0.0,0.0,0.0,0.0,0.0,0.0,0.0,0.0
adunit-milk-ctc-swipe-to-catch-mob,0.0,0.0,0.0,0.0,0.0,0.0,0.0,0.0
8091002d3367a188f845f2c9fcdbadea,0.0,0.0,0.0,0.0,0.0,0.0,0.0,0.0
adunit-mouser-user-choice-v3-aus-nz-cpe-av-mpu,0.0,0.0,0.0,0.0,0.0,0.0,0.0,0.0
e1d358918210126d2348bb98e47dfa86,0.0,0.0,600.0,200.0,200.0,600.0,500.0,600.0
adunit-ihop-ihoppy-hour-20-percent-off-mob,0.0,0.0,0.0,0.0,0.0,0.0,0.0,0.0
adunit-ihop-window4-reeses-mpu,22.0,46.0,343.0,232.0,186.0,321.0,500.0,600.0
727b84106211a421a6d6925655a4ff17,0.0,0.0,0.0,0.0,0.0,0.0,0.0,0.0
6649faf7aaae3caa5ac3de30b5ac4829,0.0,0.0,0.0,0.0,0.0,0.0,0.0,0.0
d63a7966d398d4dd0778d268d17fd2aa,0.0,0.0,0.0,0.0,0.0,0.0,0.0,0.0
3a78fb0ee7c6e7fa0101fe1d6f49de29,65.0,32.0,569.0,281.0,249.0,504.0,500.0,600.0
07f3a0ee847117a81ff9183befca007a,0.0,0.0,0.0,0.0,0.0,0.0,0.0,0.0
adunit-yamaha-rmax4-1000-le-sensory-plus-video-mob,0.0,0.0,0.0,0.0,0.0,0.0,0.0,0.0
adunit-lionsgate-spiral-new-2-puzzle-v3-mpu,0.0,0.0,0.0,0.0,0.0,0.0,0.0,0.0
5190d04e9abb3684a856257429894a5b,0.0,0.0,0.0,0.0,0.0,0.0,0.0,0.0
adunit-hitmans-wifes-body-guard-user-choice-mpu,0.0,0.0,0.0,0.0,0.0,0.0,0.0,0.0
adunit-doritos-niknaks-mpu,0.0,0.0,0.0,0.0,0.0,0.0,0.0,0.0
68c52769f63d072ef64e0dde04ed5ff0,0.0,0.0,0.0,0.0,0.0,0.0,0.0,0.0
adunit-dreamies-catfood-slider-mob,0.0,0.0,0.0,0.0,0.0,0.0,0.0,0.0
5cd2c1fa13b9cd4862f79304e5ca19cc,0.0,0.0,0.0,0.0,0.0,0.0,0.0,0.0
98555b9df18ae8d010794161505020dd,0.0,0.0,0.0,0.0,0.0,0.0,0.0,0.0
9155a2e9b6ccf3449b2403031ed99468,0.0,0.0,0.0,0.0,0.0,0.0,0.0,0.0
adunit-j-j-e-commerce-v1-mob,0.0,0.0,0.0,0.0,0.0,0.0,0.0,0.0
919ef5d6de221daf94537e4d87e98859,0.0,0.0,600.0,207.0,207.0,600.0,500.0,600.0
adunit-showtime-dexter-sensory-plus-video-canvas-mpu,0.0,0.0,0.0,0.0,0.0,0.0,0.0,0.0
61dff450d1f6264618e7532f9e6c21dd,0.0,0.0,0.0,0.0,0.0,0.0,0.0,0.0
2845ecbabd12a9d2d17283664c06fa7d,0.0,0.0,600.0,900.0,900.0,600.0,900.0,600.0
adunit-jaguar-nameplate-refresh-rc-mpu,0.0,0.0,0.0,0.0,0.0,0.0,0.0,0.0
adunit-find-the-fox-magnifying-glass-sg-mob,0.0,0.0,0.0,0.0,0.0,0.0,0.0,0.0
adunit-nutrella-barrilito-mob,0.0,0.0,0.0,0.0,0.0,0.0,0.0,0.0
6b7ddb8af0b0d4b5e042ac9469300177,0.0,0.0,0.0,0.0,0.0,0.0,0.0,0.0
23bd30ca17aae979afebc6f4e5f1fdd3,0.0,0.0,0.0,0.0,0.0,0.0,0.0,0.0
5e3fbc83a60c730e234618fe5483800e,0.0,0.0,0.0,0.0,0.0,0.0,0.0,0.0
45bc44f6b1529331c282ba1f72e13b3c,171.0,57.0,429.0,176.0,119.0,258.0,500.0,600.0
adunit-western-union-kroger-scrub-auto-engagement-mob,0.0,0.0,0.0,0.0,0.0,0.0,0.0,0.0
4342ea931e3e9ae5c51aed541a61465d,2.0,754.0,236.0,819.0,65.0,234.0,900.0,600.0
295e3365c5ed156b3ae4c8f3194add31,0.0,0.0,600.0,900.0,900.0,600.0,900.0,600.0
adunit-femsa-coca-cola-christmas-village-v3-mpu,0.0,0.0,0.0,0.0,0.0,0.0,0.0,0.0
adunit-runnings-maps-mpu,0.0,0.0,0.0,0.0,0.0,0.0,0.0,0.0
8932a4d6d34de7718182c18cc30779e8,0.0,0.0,0.0,0.0,0.0,0.0,0.0,0.0
adunit-hennessy-vsop-refik-anadol-mpu,0.0,0.0,0.0,0.0,0.0,0.0,0.0,0.0
adunit-kitkat-golden-break-gamify-arabic-mob,0.0,0.0,0.0,0.0,0.0,0.0,0.0,0.0
adunit-mouser-user-choice-cpe-uk-mob,0.0,0.0,0.0,0.0,0.0,0.0,0.0,0.0
68d489e40aa39d4498507af1ccdf249a,162.0,39.0,438.0,86.0,47.0,276.0,900.0,600.0
3faf6a6e515ee4a3d08934b3e93a4a9e,104.0,393.0,410.0,490.0,97.0,306.0,500.0,600.0
3c8eed5eead83f9798db8c24578d7a19,0.0,0.0,0.0,0.0,0.0,0.0,0.0,0.0
b50d6442906a8362508d2a97bb9ba01e,0.0,0.0,0.0,0.0,0.0,0.0,0.0,0.0
adunit-western-union-sensory-unit-swipe-up-v2-mpu,0.0,0.0,0.0,0.0,0.0,0.0,0.0,0.0
b500b45f2e556f55a488bc21c045877f,202.0,38.0,398.0,152.0,114.0,196.0,900.0,600.0
67169407f4dd5762a97f973e82e550bd,0.0,798.0,192.0,900.0,102.0,192.0,900.0,600.0
adunit-lionsgate-spiral-new-2-puzzle-v4-mpu,0.0,0.0,0.0,0.0,0.0,0.0,0.0,0.0
0692cec4544cb0287225a7bccebc916b,0.0,0.0,600.0,129.0,129.0,600.0,900.0,600.0
adunit-heineken-celebrations2-za-mob,0.0,0.0,0.0,0.0,0.0,0.0,0.0,0.0
7110d440d9d424eec0ddb5f114058c06,0.0,0.0,0.0,0.0,0.0,0.0,0.0,0.0
bdc1911c958ee9f1d54097420bc0088d,0.0,0.0,0.0,0.0,0.0,0.0,0.0,0.0
adunit-showtime-dexter-sensory-plus-video-canvas-v4-post-mob,0.0,0.0,0.0,0.0,0.0,0.0,0.0,0.0
adunit-facebook-conversational-commerce-3-0-th-unit1-v2-mob,0.0,0.0,0.0,0.0,0.0,0.0,0.0,0.0
bf16a83492d04640042f674af85d2aac,0.0,229.0,600.0,456.0,227.0,600.0,500.0,600.0
adunit-lionsgate-spiral-new-puzzle-v2-mpu,0.0,0.0,0.0,0.0,0.0,0.0,0.0,0.0
adunit-lionsgate-spiral-puzzle-mob,0.0,0.0,0.0,0.0,0.0,0.0,0.0,0.0
265680a6c85f2381bb49965579b0fd89,266.0,40.0,335.0,126.0,86.0,69.0,900.0,600.0
02d99db5aa9193b2bfc98ad6998e0ea7,0.0,0.0,0.0,0.0,0.0,0.0,0.0,0.0
46a614be24dc2639baeb3a4887dfee2f,0.0,0.0,0.0,0.0,0.0,0.0,0.0,0.0
adunit-simba-save-the-flavour-mob,0.0,0.0,0.0,0.0,0.0,0.0,0.0,0.0
adunit-western-union-ralphs-scrub-v2-mpu,0.0,0.0,0.0,0.0,0.0,0.0,0.0,0.0
29f4c491737ce1cd367ff019e7b2ccb7,0.0,0.0,600.0,900.0,900.0,600.0,900.0,600.0
917250eb5213e41aa11f92282ec0b19a,0.0,0.0,0.0,0.0,0.0,0.0,0.0,0.0
adunit-mouser-user-choice-v3-uk-cpe-av-mob,0.0,0.0,0.0,0.0,0.0,0.0,0.0,0.0
40735b62ef7f9da459b39d173ee56ac3,0.0,765.0,600.0,865.0,100.0,600.0,900.0,600.0
d982317438736aac9cb37b3e66a2f555,0.0,0.0,0.0,0.0,0.0,0.0,0.0,0.0
adunit-chanel-j12-singapore-exxon-mob,0.0,0.0,0.0,0.0,0.0,0.0,0.0,0.0
bfeea6509482aeb0aaeed455fadb9c4e,0.0,0.0,600.0,500.0,500.0,600.0,500.0,600.0
877843b799b1b074584fc22f9157f447,22.0,720.0,578.0,753.0,33.0,556.0,900.0,600.0
26877a2094850375ec053651dd7aa4ea,120.0,40.0,214.0,64.0,24.0,94.0,900.0,600.0
05dff647236dcc065f51eea259e8a120,0.0,0.0,0.0,0.0,0.0,0.0,0.0,0.0
adunit-christian-dior-popup-store-mob,0.0,0.0,0.0,0.0,0.0,0.0,0.0,0.0
adunit-yamaha-sensory-plus-video-mob,0.0,0.0,0.0,0.0,0.0,0.0,0.0,0.0
adunit-lionsgate-spiral-new-puzzle-v3-mpu,0.0,0.0,0.0,0.0,0.0,0.0,0.0,0.0
9e2b17d1c9addd70a9da0c72dfec0e3c,0.0,0.0,0.0,0.0,0.0,0.0,0.0,0.0
adunit-mouser-user-choice-v3-uk-cpe-mob,0.0,0.0,0.0,0.0,0.0,0.0,0.0,0.0
adunit-volks-wagen-2021-new-polo-v1-v3-mpu,0.0,0.0,0.0,0.0,0.0,0.0,0.0,0.0
ddc12737f9718263bfb0f54843da0478,0.0,0.0,0.0,0.0,0.0,0.0,0.0,0.0
2a355ca0d306921e195591e5b2374b6a,144.0,197.0,469.0,300.0,103.0,325.0,500.0,600.0
adunit-femsa-coca-cola-christmas-village-mob,0.0,0.0,0.0,0.0,0.0,0.0,0.0,0.0
adunit-chevy-tap-mob,0.0,0.0,0.0,0.0,0.0,0.0,0.0,0.0
adunit-chevy-panoramic-hotspot-explorer-cpe-mob,0.0,0.0,0.0,0.0,0.0,0.0,0.0,0.0
c47fa6c0b4462b654c222e2f4be62b3d,0.0,0.0,600.0,900.0,900.0,600.0,900.0,600.0
adunit-facebook-conversational-commerce-3-0-th-bio1-mob,0.0,0.0,0.0,0.0,0.0,0.0,0.0,0.0
958fb9e4304628629f9848dee96ad338,0.0,0.0,0.0,0.0,0.0,0.0,0.0,0.0
df91c37d7078b8b406deaea243bb3746,257.0,46.0,343.0,79.0,33.0,86.0,900.0,600.0
adunit-city-square-mall-cny-mpu,0.0,0.0,0.0,0.0,0.0,0.0,0.0,0.0
f398e921861a533315cd9e1085e2059c,0.0,0.0,0.0,0.0,0.0,0.0,0.0,0.0
adunit-ihop-window4-reeses-mob,0.0,0.0,0.0,0.0,0.0,0.0,0.0,0.0
9d0bbd449e1c907e9f554bb9df1c4a10,0.0,0.0,0.0,0.0,0.0,0.0,0.0,0.0
52054fa91799a747b8ddf3f3118f40e9,104.0,393.0,410.0,490.0,97.0,306.0,500.0,600.0
adunit-lionsgate-spiral-new-2-puzzle-v4-mob,0.0,0.0,0.0,0.0,0.0,0.0,0.0,0.0
dbe499749ecc456991332fc5d847ad2e,0.0,0.0,0.0,0.0,0.0,0.0,0.0,0.0
e334f7ef4caacc9552993029ad56a52b,0.0,0.0,0.0,0.0,0.0,0.0,0.0,0.0
ccce5533b26203d07100376c394951a6,0.0,0.0,0.0,0.0,0.0,0.0,0.0,0.0
8f3f46fa6a0accfd8b4563f2e35aaba5,0.0,0.0,0.0,0.0,0.0,0.0,0.0,0.0
adunit-yamaha-x4-seonsory-plus-mpu,0.0,0.0,0.0,0.0,0.0,0.0,0.0,0.0
adunit-yamaha-wolverine-user-choice-av-reuse-mpu,0.0,0.0,0.0,0.0,0.0,0.0,0.0,0.0
d9211cc52590fe62718030dbc1a9389a,0.0,0.0,0.0,0.0,0.0,0.0,0.0,0.0
a1a3485dee81692a3ea64143aa51e90f,0.0,0.0,0.0,0.0,0.0,0.0,0.0,0.0
adunit-lionsgate-uwomt-user-slider-sensory-video-mpu,0.0,0.0,0.0,0.0,0.0,0.0,0.0,0.0
3ec1bd3422d0512c1fa1c06b7277df65,0.0,0.0,0.0,0.0,0.0,0.0,0.0,0.0
adunit-mouser-user-choice-v2-cpe-uk-mpu,0.0,0.0,0.0,0.0,0.0,0.0,0.0,0.0
942616462420cb3890d00c65fc644e73,27.0,219.0,293.0,262.0,43.0,266.0,480.0,320.0
f0a8b52312fce8d57f34bc6441dea750,0.0,0.0,0.0,0.0,0.0,0.0,0.0,0.0
adunit-hitmans-wifes-body-guard-user-choice-unit2-mpu,0.0,0.0,0.0,0.0,0.0,0.0,0.0,0.0
adunit-lionsgate-spiral-new-puzzle-v3-mob,0.0,0.0,0.0,0.0,0.0,0.0,0.0,0.0
59e7b509d984f3a5b13fb8a33e0f6c2d,0.0,0.0,0.0,0.0,0.0,0.0,0.0,0.0
c5d9fdf57215e5dbec5cc42419090749,22.0,720.0,578.0,753.0,33.0,556.0,900.0,600.0
94bc1e8d137186644fa3baa53185a331,22.0,720.0,578.0,753.0,33.0,556.0,900.0,600.0
eb641577b39bf60665e3130ac0d4e301,0.0,0.0,0.0,0.0,0.0,0.0,0.0,0.0
3c5828449ad87b05b5dedf0b4787242a,0.0,0.0,0.0,0.0,0.0,0.0,0.0,0.0
adunit-western-union-ralphs-sensory-eng-auto-eng-mpu,0.0,0.0,0.0,0.0,0.0,0.0,0.0,0.0
9a09184e03a21be85b165f66d6d1c121,120.0,751.0,451.0,794.0,43.0,331.0,900.0,600.0
adunit-mouser-user-choice-v3-cpe-us-mpu,0.0,0.0,0.0,0.0,0.0,0.0,0.0,0.0
24f58a2b0bfefefd5ccc43bf1f664685,0.0,0.0,0.0,0.0,0.0,0.0,0.0,0.0
75e9bf718c93754ae33314a92db613dd,0.0,0.0,0.0,0.0,0.0,0.0,0.0,0.0
adunit-showtime-dexter-sensory-plus-video-canvas-v4-mob,0.0,0.0,0.0,0.0,0.0,0.0,0.0,0.0
3bf22f2c7f71986b690dc922cb0bee1f,47.0,21.0,553.0,123.0,102.0,506.0,900.0,600.0
adunit-mouser-user-choice-cpe-av-us-mob,0.0,0.0,0.0,0.0,0.0,0.0,0.0,0.0
adunit-zee-punjabi-antakshari-in-mob,0.0,0.0,0.0,0.0,0.0,0.0,0.0,0.0
77cb39bbc869bdf0db280ec15a15280f,0.0,0.0,0.0,0.0,0.0,0.0,0.0,0.0
c48014dd1774f0fc8dddf6c6cdcb337f,0.0,0.0,0.0,0.0,0.0,0.0,0.0,0.0
cd5de313101387fd9191cb03ef431ec9,0.0,0.0,0.0,0.0,0.0,0.0,0.0,0.0
adunit-lexus-geo-video-google-maps-cta-mpu,0.0,0.0,0.0,0.0,0.0,0.0,0.0,0.0
adunit-mouser-user-choice-cpe-aus-nz-mpu,0.0,0.0,0.0,0.0,0.0,0.0,0.0,0.0
28b455751eabbf79d899fc9a4c6f151e,0.0,0.0,0.0,0.0,0.0,0.0,0.0,0.0
adunit-playstation-spring-sale-mpu,0.0,0.0,0.0,0.0,0.0,0.0,0.0,0.0
adunit-western-union-ralphs-sensory-engagement-v1-mob,0.0,0.0,0.0,0.0,0.0,0.0,0.0,0.0
f520edea9b83c22a1c82412fcaf9f0a3,0.0,0.0,600.0,132.0,132.0,600.0,900.0,600.0
adunit-mouser-user-choice-v3-uk-cpe-mpu,0.0,0.0,0.0,0.0,0.0,0.0,0.0,0.0
b58ae8eb1017e252ce37c29226411489,0.0,0.0,0.0,0.0,0.0,0.0,0.0,0.0
fe1cc47f2e46f29607046541f8418275,0.0,0.0,0.0,0.0,0.0,0.0,0.0,0.0
090f9075627a9543f171041a644d8af9,0.0,0.0,0.0,0.0,0.0,0.0,0.0,0.0
adunit-milk-user-slide-v1-mpu,0.0,0.0,0.0,0.0,0.0,0.0,0.0,0.0
adunit-mouser-user-choice-flight4-canada-cpe-mpu,0.0,0.0,0.0,0.0,0.0,0.0,0.0,0.0
28c3515061ccebd5a08a954a584623e1,254.0,31.0,342.0,113.0,82.0,88.0,500.0,600.0
adunit-lionsgate-moonfall-parallax-cta2-phase-spanish-mob,0.0,0.0,0.0,0.0,0.0,0.0,0.0,0.0
049b5c09f2fc9c009cc3e7bc6e95be90,0.0,0.0,0.0,0.0,0.0,0.0,0.0,0.0
adunit-lionsgate-moonfall-bio-mob,0.0,0.0,0.0,0.0,0.0,0.0,0.0,0.0
adunit-playstation-spring-sale-mob,0.0,0.0,0.0,0.0,0.0,0.0,0.0,0.0
bd312b97d9d646bcd3263809be428f5e,0.0,0.0,0.0,0.0,0.0,0.0,0.0,0.0
68c78af778382e3e80ba98d676dd8527,0.0,0.0,0.0,0.0,0.0,0.0,0.0,0.0
adunit-western-union-ralphs-sensory-eng-mpu,0.0,0.0,0.0,0.0,0.0,0.0,0.0,0.0
71d0113ae02ccba7e3fd67f71baf2f2a,0.0,0.0,0.0,0.0,0.0,0.0,0.0,0.0
2287637d5dbfb7cc45fb816157a412fa,0.0,0.0,0.0,0.0,0.0,0.0,0.0,0.0
adunit-j12-singapore-v1-mpu,0.0,0.0,0.0,0.0,0.0,0.0,0.0,0.0
b378c281edcaebfbe47a3104fdc2e036,162.0,39.0,438.0,86.0,47.0,276.0,900.0,600.0
09b983781c78607d3e9348f231765ea1,0.0,0.0,600.0,900.0,900.0,600.0,900.0,600.0
adunit-chevy-tap-and-hold-mpu,0.0,0.0,0.0,0.0,0.0,0.0,0.0,0.0
adunit-yamaha-rmax2-1000-sports-sensory-plus-video-mpu,0.0,0.0,0.0,0.0,0.0,0.0,0.0,0.0
adunit-lionsgate-moonfall-parallax-dec-mob,0.0,0.0,0.0,0.0,0.0,0.0,0.0,0.0
adunit-j12-singapore-mpu,0.0,0.0,0.0,0.0,0.0,0.0,0.0,0.0
f08d8e575fa2c9929dfaf2d1bfa553a2,0.0,0.0,0.0,0.0,0.0,0.0,0.0,0.0
adunit-lionsgate-uwomt-sensory-plus-tune-2-mob,0.0,0.0,0.0,0.0,0.0,0.0,0.0,0.0
8a1a2fa030200a7087619144f042c2da,0.0,0.0,0.0,0.0,0.0,0.0,0.0,0.0
adunit-western-union-ralphs-sensory-engagement-maps-mob,0.0,0.0,0.0,0.0,0.0,0.0,0.0,0.0
f2aa99ddd5015647abc940e7d6695df2,0.0,0.0,0.0,0.0,0.0,0.0,0.0,0.0
69a95b2cae65b8457594ab519006920c,0.0,0.0,0.0,0.0,0.0,0.0,0.0,0.0
c004ede9dbeaf07289dff53dfaa0cd9e,0.0,0.0,600.0,500.0,500.0,600.0,500.0,600.0
adunit-yamaha-x2-seonsory-plus-mob,0.0,0.0,0.0,0.0,0.0,0.0,0.0,0.0
2681e9a5eb126e75959f33a477964544,168.0,394.0,432.0,480.0,86.0,264.0,500.0,600.0
9415d4728381f961a8d6bd7c57142ab7,67.0,171.0,398.0,214.0,43.0,331.0,900.0,600.0
79a672060e901ce418230c3959619cca,0.0,0.0,600.0,179.0,179.0,600.0,900.0,600.0
adunit-windows3-2021-mpu,0.0,0.0,0.0,0.0,0.0,0.0,0.0,0.0
d48b2247fce73617dab5633187c02360,0.0,0.0,457.0,141.0,141.0,457.0,900.0,600.0
adunit-nestle-maggi-varieties-bouillon-ar-kwt-mob,0.0,0.0,0.0,0.0,0.0,0.0,0.0,0.0
5793a8d614757c76e8fcb904f943e586,0.0,0.0,0.0,0.0,0.0,0.0,0.0,0.0
adunit-facebook-conversational-commerce-3-0-th-unit2-v2-mob,0.0,0.0,0.0,0.0,0.0,0.0,0.0,0.0
adunit-van-cleef-and-arpels-frivole-wave-unit2-mob,0.0,0.0,0.0,0.0,0.0,0.0,0.0,0.0
adunit-lionsgate-moonfall-parallax-dec-v3-mpu,0.0,0.0,0.0,0.0,0.0,0.0,0.0,0.0
02335ed7fbc9fd8ec1505d30a7d385ba,0.0,0.0,0.0,0.0,0.0,0.0,0.0,0.0
22d151fdc4f270e75bcf3729df08180f,0.0,0.0,600.0,500.0,500.0,600.0,500.0,600.0
8578176a5460d41edddd1440ab46e564,0.0,0.0,0.0,0.0,0.0,0.0,0.0,0.0
2524439faeafa1c2ca1a27cac00a97b1,42.0,358.0,558.0,390.0,32.0,516.0,500.0,600.0
286ce285a3a28445c972ba9d09090937,49.0,39.0,552.0,103.0,64.0,503.0,900.0,600.0
c47a1785032e3bc12dc53dc97034dd33,0.0,0.0,0.0,0.0,0.0,0.0,0.0,0.0
26891312da99dd6e651fd179d1ff0faf,0.0,0.0,0.0,0.0,0.0,0.0,0.0,0.0
6a8e741867d4f893afad015b77b52c39,0.0,0.0,0.0,0.0,0.0,0.0,0.0,0.0
0a22f881b77f00220f2034c21a18b854,0.0,0.0,0.0,0.0,0.0,0.0,0.0,0.0
b68baf66405783b70a2141860cb15adc,0.0,0.0,0.0,0.0,0.0,0.0,0.0,0.0
adunit-ggpoker-game-user-choice-mob,0.0,0.0,0.0,0.0,0.0,0.0,0.0,0.0
d7c5bf54f39eb745b553d06813cffb23,162.0,39.0,438.0,86.0,47.0,276.0,900.0,600.0
86f213ed98d05c93c09fe2d0ded4dfe6,0.0,0.0,0.0,0.0,0.0,0.0,0.0,0.0
adunit-cartier-panthere-2021-fy22-mpu,0.0,0.0,0.0,0.0,0.0,0.0,0.0,0.0
de74397f972d47d2c078b44807974532,0.0,0.0,0.0,0.0,0.0,0.0,0.0,0.0
adunit-heineken-pure-malt-mpu,0.0,0.0,0.0,0.0,0.0,0.0,0.0,0.0
adunit-mouser-user-choice-cpe-av-us-mpu,0.0,0.0,0.0,0.0,0.0,0.0,0.0,0.0
adunit-lionsgate-uwomt-user-slider-sensory-video-v1-mob,0.0,0.0,0.0,0.0,0.0,0.0,0.0,0.0
2adefe98452f112060fe28e98f7a2c46,180.0,25.0,421.0,68.0,43.0,241.0,500.0,600.0
adunit-volks-wagen-2021-new-polo-v2-v3-mpu,0.0,0.0,0.0,0.0,0.0,0.0,0.0,0.0
adunit-gme-sensory-video-add-unmute-button-v2-mpu,0.0,0.0,0.0,0.0,0.0,0.0,0.0,0.0
adunit-playstation-spring-sale-snsory-plus-mob,0.0,0.0,0.0,0.0,0.0,0.0,0.0,0.0
adunit-milk-user-slide-v2-mpu,0.0,0.0,0.0,0.0,0.0,0.0,0.0,0.0
adunit-western-union-ralphs-auto-engage-v2-mpu,0.0,0.0,0.0,0.0,0.0,0.0,0.0,0.0
adunit-j-j-e-commerce-mpu,0.0,0.0,0.0,0.0,0.0,0.0,0.0,0.0
032ecd4e7d6db78058878d0ac61a82dc,0.0,0.0,0.0,0.0,0.0,0.0,0.0,0.0
d6c5dcb42c617e8d164dafb4d302ac0a,0.0,0.0,0.0,0.0,0.0,0.0,0.0,0.0
bab02408832fd896644462340d7bf479,0.0,0.0,0.0,0.0,0.0,0.0,0.0,0.0
299eff884b51e6894dbd307f0a2a6554,0.0,0.0,0.0,0.0,0.0,0.0,0.0,0.0
adunit-lionsgate-moonfall-parallax-cta2-phase-spanish-mpu,0.0,0.0,0.0,0.0,0.0,0.0,0.0,0.0
adunit-yamaha-rmax4-1000-le-sensory-plus-video-mpu,0.0,0.0,0.0,0.0,0.0,0.0,0.0,0.0
0716aeb4425d2865ea9b1996ef4f90fe,0.0,0.0,0.0,0.0,0.0,0.0,0.0,0.0
d53d09dbd8f7aad4bfab4acb84aa323a,0.0,0.0,0.0,0.0,0.0,0.0,0.0,0.0
4baa12ddba0c06b618225f8191a6d722,0.0,0.0,0.0,0.0,0.0,0.0,0.0,0.0
adunit-western-union-sensory-unit-swipe-up-tap-mob,0.0,0.0,0.0,0.0,0.0,0.0,0.0,0.0
03231e84227b5038d1ce9c302019da8c,0.0,0.0,0.0,0.0,0.0,0.0,0.0,0.0
adunit-chevy-600-1200-hotspot-explorer-cpe-mob,0.0,0.0,0.0,0.0,0.0,0.0,0.0,0.0
4b537aac6575e7528140fc388f1349ca,0.0,0.0,436.0,436.0,436.0,436.0,500.0,600.0
adunit-mouser-user-choice-v3-aus-nz-cpe-av-mob,0.0,0.0,0.0,0.0,0.0,0.0,0.0,0.0
e300993c699d98ef0d6d574b043b65cc,0.0,0.0,0.0,0.0,0.0,0.0,0.0,0.0
adunit-yamaha-x4-seonsory-plus-mob,0.0,0.0,0.0,0.0,0.0,0.0,0.0,0.0
adunit-nestle-maggi-varieties-bouillon-ar-ksa-mob,0.0,0.0,0.0,0.0,0.0,0.0,0.0,0.0
adunit-hitmans-wifes-body-guard-user-choice-unit3-mpu,0.0,0.0,0.0,0.0,0.0,0.0,0.0,0.0
5aa8f1a6f90157b937cac6e73006a2dc,83.0,215.0,517.0,285.0,70.0,434.0,500.0,600.0
4ad96fa279384268e72374aaacb78caf,0.0,0.0,0.0,0.0,0.0,0.0,0.0,0.0
c9ec2d041cd03c489b2ee97c5f7ba400,0.0,0.0,0.0,0.0,0.0,0.0,0.0,0.0
0978cddd7a740a70fa0ac73fb6603aee,195.0,209.0,487.0,308.0,99.0,292.0,900.0,600.0
3c383647c107f40ba222bcddd47d3d1b,0.0,0.0,0.0,0.0,0.0,0.0,0.0,0.0
adunit-mouser-user-choice-v2-cpe-av-canada-mob,0.0,0.0,0.0,0.0,0.0,0.0,0.0,0.0
adunit-facebook-conversational-commerce-3-0-th-unit1-mpu,0.0,0.0,0.0,0.0,0.0,0.0,0.0,0.0
7fdd8606604b4ab61563a88384188011,0.0,0.0,0.0,0.0,0.0,0.0,0.0,0.0
adunit-scotch-brite-gamification-thai-v2-mob,0.0,0.0,0.0,0.0,0.0,0.0,0.0,0.0
adunit-vodacom-ciot-curve-mob,0.0,0.0,0.0,0.0,0.0,0.0,0.0,0.0
64cfdaacd77f39b88f90210e79800a8b,0.0,0.0,0.0,0.0,0.0,0.0,0.0,0.0
0383071848070b93a8a9f0c82c06e5e4,0.0,0.0,0.0,0.0,0.0,0.0,0.0,0.0
74e0cd47380d7a41f96f5ca4ba214a8f,55.0,586.0,500.0,816.0,230.0,445.0,900.0,600.0
623735c2b4b2d78c61e08073dbaa352d,0.0,0.0,0.0,0.0,0.0,0.0,0.0,0.0
adunit-yamaha-user-slider-rotate-v2-mpu,0.0,0.0,0.0,0.0,0.0,0.0,0.0,0.0
258bf2e1c0ff55be0762ccab1c5b18db,42.0,358.0,558.0,390.0,32.0,516.0,500.0,600.0
55775796ac3c2a0fd0fde4cae6048827,89.0,6.0,511.0,202.0,196.0,422.0,900.0,600.0
255bb50bf3493e1a85c9289c52610e31,108.0,503.0,533.0,555.0,52.0,425.0,900.0,600.0
f1cc75828bb3b7419b0d210e971a7cdf,463.0,402.0,554.0,493.0,91.0,91.0,900.0,600.0
b3fd525be390ec4cbebdcbd225362f12,42.0,358.0,558.0,390.0,32.0,516.0,500.0,600.0
adunit-lionsgate-moonfall-parallax-dec-get-tickets-mob,0.0,0.0,0.0,0.0,0.0,0.0,0.0,0.0
c01e7ce76419925187c593ba3ecb9f46,28.0,40.0,576.0,884.0,844.0,548.0,900.0,600.0
adunit-lionsgate-moonfall-parallax-cta5-mpu,0.0,0.0,0.0,0.0,0.0,0.0,0.0,0.0
92a1ef3b78f2b21068f8e1da4025e239,0.0,0.0,0.0,0.0,0.0,0.0,0.0,0.0
6de62384e53319712bf7910e4db4e189,365.0,525.0,599.0,615.0,90.0,234.0,900.0,600.0
974199c136ccbd972ae2fd4714e453f5,0.0,0.0,0.0,0.0,0.0,0.0,0.0,0.0
ecc8e6a50a509f8b6a8ac7c3c1a450e7,0.0,0.0,0.0,0.0,0.0,0.0,0.0,0.0
c3ef76ea758ea5442c9540463c5d37f3,0.0,0.0,0.0,0.0,0.0,0.0,0.0,0.0
06262da6542114aaea8a611540a0ee5d,127.0,805.0,476.0,893.0,88.0,349.0,900.0,600.0
adunit-livspace-before-after-in-tap-mpu,0.0,0.0,0.0,0.0,0.0,0.0,0.0,0.0
8f5834e2093bee23d3b01f8d05265765,156.0,667.0,442.0,805.0,138.0,286.0,900.0,600.0
8a662fbaa5f751bf677c50359f0716c2,0.0,0.0,0.0,0.0,0.0,0.0,0.0,0.0
adunit-mouser-user-choice-v3-aus-cpe-av-mob,0.0,0.0,0.0,0.0,0.0,0.0,0.0,0.0
eabf360c935e08b24f30c61519033f93,0.0,0.0,0.0,0.0,0.0,0.0,0.0,0.0
5bc607274e363f0c1a9379e05075dcfc,0.0,0.0,0.0,0.0,0.0,0.0,0.0,0.0
f88e2c7f24b2bcd83044f2ccfdef79c4,0.0,0.0,0.0,0.0,0.0,0.0,0.0,0.0
adunit-lionsgate-uwomt-user-slider-sensory-video-final-tune3-mob,0.0,0.0,0.0,0.0,0.0,0.0,0.0,0.0
adunit-western-union-kroger-scrub-mob,0.0,0.0,0.0,0.0,0.0,0.0,0.0,0.0
adunit-lexus-video-carousel-cpe-av-mob,0.0,0.0,0.0,0.0,0.0,0.0,0.0,0.0
fbdd6f2bc08bfb43725cd6b4c52907ea,0.0,0.0,0.0,0.0,0.0,0.0,0.0,0.0
adunit-yamaha-wolverine-user-choice-cpe-reuse-mpu,0.0,0.0,0.0,0.0,0.0,0.0,0.0,0.0
adunit-runnings-maps-mob,0.0,0.0,0.0,0.0,0.0,0.0,0.0,0.0
adunit-chevy-tap-600-1200-final-mob,0.0,0.0,0.0,0.0,0.0,0.0,0.0,0.0
b0228441fb421b8c322d67a6746f5f3e,0.0,0.0,0.0,0.0,0.0,0.0,0.0,0.0
adunit-mouser-user-choice-cpe-aus-nz-mob,0.0,0.0,0.0,0.0,0.0,0.0,0.0,0.0
adunit-the-botanist-gin-mob,0.0,0.0,0.0,0.0,0.0,0.0,0.0,0.0
adunit-yamaha-rmax2-1000-sports-sensory-plus-video-mob,0.0,0.0,0.0,0.0,0.0,0.0,0.0,0.0
adunit-mouser-user-choice-v3-canada-cpe-mob,0.0,0.0,0.0,0.0,0.0,0.0,0.0,0.0
fe116dea417bfe1b97e0b2dcf846c25d,0.0,0.0,0.0,0.0,0.0,0.0,0.0,0.0
03c532904ec03423c5e30463a62401a5,0.0,0.0,0.0,0.0,0.0,0.0,0.0,0.0
cc6c33bd4409ded3155793811af5c72b,0.0,0.0,0.0,0.0,0.0,0.0,0.0,0.0
adunit-mouser-user-choice-v3-aus-nz-cpe-mob,0.0,0.0,0.0,0.0,0.0,0.0,0.0,0.0
cafcf13bef3457ebed7e08e02fa49252,0.0,0.0,0.0,0.0,0.0,0.0,0.0,0.0
adunit-hitmans-wifes-body-guard-user-choice-unit3-mob,0.0,0.0,0.0,0.0,0.0,0.0,0.0,0.0
adunit-lionsgate-uwomt-sensory-plus-tune-4-mob,0.0,0.0,0.0,0.0,0.0,0.0,0.0,0.0
eabca629979238e5e3d65f6f4cd818fb,0.0,0.0,0.0,0.0,0.0,0.0,0.0,0.0
adunit-scotch-brite-scrub-dots-sponge-swipe-mob,0.0,0.0,0.0,0.0,0.0,0.0,0.0,0.0
adunit-mouser-user-choice-v3-aus-cpe-mob,0.0,0.0,0.0,0.0,0.0,0.0,0.0,0.0
adunit-chevy-user-slider-seat-interior-300-600-cpe-mob,0.0,0.0,0.0,0.0,0.0,0.0,0.0,0.0
b25e2955ba18f9f0f63a3642abdee471,235.0,35.0,366.0,112.0,77.0,131.0,500.0,600.0
adunit-hennessy-vsop-refik-anadol-mob,0.0,0.0,0.0,0.0,0.0,0.0,0.0,0.0
adunit-scotch-brite-gamification-mob,0.0,0.0,0.0,0.0,0.0,0.0,0.0,0.0
4f23f2bdbb2c99b8d63bba659d22fe79,0.0,0.0,0.0,0.0,0.0,0.0,0.0,0.0
e7b3f462f7d1cc8dcaa9c076eaedd1a8,0.0,0.0,0.0,0.0,0.0,0.0,0.0,0.0
8c0f5a32827b9e60dbd30b77178fe184,0.0,0.0,0.0,0.0,0.0,0.0,0.0,0.0
62dca5e1826d627612856c463e98026f,0.0,0.0,0.0,0.0,0.0,0.0,0.0,0.0
ae98b1f2a6ca87429bb43d29df7c682a,0.0,0.0,0.0,0.0,0.0,0.0,0.0,0.0
676e0507f9e1ed8fa6880eafcf91547b,0.0,0.0,0.0,0.0,0.0,0.0,0.0,0.0
29df3928b70391dec741b20782beeefc,167.0,367.0,439.0,467.0,100.0,272.0,500.0,600.0
adunit-mouser-user-choice-flight4-us-cpe-mob,0.0,0.0,0.0,0.0,0.0,0.0,0.0,0.0
d217e3878a25f52d495d0c3eea30211a,202.0,38.0,398.0,152.0,114.0,196.0,900.0,600.0
3ba594c8b6a2376bc1013a0d13b83200,0.0,0.0,0.0,0.0,0.0,0.0,0.0,0.0
06615e719bb053415093a4572a1f1d31,30.0,762.0,266.0,869.0,107.0,236.0,900.0,600.0
adunit-lionsgate-moonfall-parallax-cta5-mob,0.0,0.0,0.0,0.0,0.0,0.0,0.0,0.0
5b4d2cc82bf11b1fa80b366fdd7a5867,173.0,39.0,427.0,125.0,86.0,254.0,900.0,600.0
adunit-chanel-j12-2022-slider-cta2-en-fs,0.0,0.0,0.0,0.0,0.0,0.0,0.0,0.0
07a8072d594af3c04ef47e8722fc1b38,0.0,0.0,0.0,0.0,0.0,0.0,0.0,0.0
f722cbe03a320f89c6abdfd3fe796047,0.0,0.0,0.0,0.0,0.0,0.0,0.0,0.0
4332420a9acfddfe6dedfe9b0646afd6,0.0,0.0,0.0,0.0,0.0,0.0,0.0,0.0
adunit-chevy-user-slider-seat-interior-v1-cpe-mpu,0.0,0.0,0.0,0.0,0.0,0.0,0.0,0.0
adunit-western-union-sensory-unit-swipe-right-v2-mob,0.0,0.0,0.0,0.0,0.0,0.0,0.0,0.0
3c162d32bb9bce8199f44c665b20977d,0.0,0.0,600.0,900.0,900.0,600.0,900.0,600.0
adunit-chanel-j12-tw-black-en-2022-v1-mpu,0.0,0.0,0.0,0.0,0.0,0.0,0.0,0.0
79bb17ace9de9ef7def221cc38b50c0c,46.0,40.0,134.0,76.0,36.0,88.0,900.0,600.0
adunit-lionsgate-spiral-new-puzzle-v2-mob,0.0,0.0,0.0,0.0,0.0,0.0,0.0,0.0
5c6befcf9b28fadcedb2430c0800f433,0.0,0.0,600.0,500.0,500.0,600.0,500.0,600.0
39872cc99f017cc22001ee9498584e13,26.0,761.0,587.0,848.0,87.0,561.0,900.0,600.0
77af46ea55c251a18213104bd760d1d2,0.0,0.0,0.0,0.0,0.0,0.0,0.0,0.0
c451990f363a5119a838d33acda877f1,0.0,0.0,0.0,0.0,0.0,0.0,0.0,0.0
adunit-ggpoker-spin-and-gold-sensory-v1-mob,0.0,0.0,0.0,0.0,0.0,0.0,0.0,0.0
3cea7861b4a43a0695ae177cf0829267,0.0,0.0,0.0,0.0,0.0,0.0,0.0,0.0
7a6ba94986ecc183914a48eed61ebda7,0.0,0.0,0.0,0.0,0.0,0.0,0.0,0.0
74ca5c4df0e45247e224523c26d7ebf3,0.0,0.0,600.0,244.0,244.0,600.0,900.0,600.0
eb31bf1739ffa01b1d458fe2c610230a,231.0,170.0,562.0,213.0,43.0,331.0,900.0,600.0
95a9add1872e1666a9e413e18a15142b,0.0,798.0,192.0,900.0,102.0,192.0,900.0,600.0
adunit-scotch-brite-scrub-dots-sponge-swap-thai-mob,0.0,0.0,0.0,0.0,0.0,0.0,0.0,0.0
adunit-secom-rs-avanca-rs-phase2-mob,0.0,0.0,0.0,0.0,0.0,0.0,0.0,0.0
74858c868467c9f78a8989e87eb54c1c,0.0,398.0,192.0,500.0,102.0,192.0,500.0,600.0
3dfba0efa433d3f1f248b373edc2b176,0.0,0.0,0.0,0.0,0.0,0.0,0.0,0.0
032c21ac0d52d23f683dc4c2b7388865,279.0,669.0,560.0,793.0,124.0,281.0,900.0,600.0
98db637879a2eee67d49dd05b4a92d83,0.0,0.0,0.0,0.0,0.0,0.0,0.0,0.0
db671d7ebafdc3b7259109fbc18eaac9,0.0,0.0,0.0,0.0,0.0,0.0,0.0,0.0
adunit-showtime-dexture-mpu,0.0,0.0,0.0,0.0,0.0,0.0,0.0,0.0
adunit-lionsgate-spiral-new-2-puzzle-v5-mob,0.0,0.0,0.0,0.0,0.0,0.0,0.0,0.0
8c07f1799c55b47a5cf24d50fd771668,0.0,0.0,0.0,0.0,0.0,0.0,0.0,0.0
adunit-nestle-maggi-varieties-bouillon-en-uae-mpu,0.0,0.0,0.0,0.0,0.0,0.0,0.0,0.0
cce594945c50492d887116e17ebd966f,182.0,20.0,419.0,132.0,112.0,237.0,500.0,600.0
f16751048b64354c30b034c44981225f,0.0,0.0,0.0,0.0,0.0,0.0,0.0,0.0
03f2fc9a332b87e896b2da508a061754,374.0,716.0,494.0,829.0,113.0,120.0,900.0,600.0
7ff33d15bd3e7d73cede0691a393c288,0.0,0.0,0.0,0.0,0.0,0.0,0.0,0.0
3ebf3ba9b654b8281c7b45e65133986f,0.0,0.0,0.0,0.0,0.0,0.0,0.0,0.0
hills-bio-mob,0.0,0.0,0.0,0.0,0.0,0.0,0.0,0.0
adunit-yamaha-x2-sensory-plus-mpu,0.0,0.0,0.0,0.0,0.0,0.0,0.0,0.0
c823124ca76c00a9d3b79380e5bdfd29,0.0,0.0,0.0,0.0,0.0,0.0,0.0,0.0
adunit-simple-feast-build-for-industry-survey-q4-mob,0.0,0.0,0.0,0.0,0.0,0.0,0.0,0.0
adunit-mouser-user-choice-v3-cpe-av-us-mpu,0.0,0.0,0.0,0.0,0.0,0.0,0.0,0.0
adunit-western-union-bio-mob,0.0,0.0,0.0,0.0,0.0,0.0,0.0,0.0
adunit-gm-ces-user-choice-mpu,0.0,0.0,0.0,0.0,0.0,0.0,0.0,0.0
adunit-cartier-panthere-2021-fy22-mob,0.0,0.0,0.0,0.0,0.0,0.0,0.0,0.0
adunit-mouser-user-choice-cpe-us-mpu,0.0,0.0,0.0,0.0,0.0,0.0,0.0,0.0
adunit-lionsgate-spiral-new-2-puzzle-v3-mob,0.0,0.0,0.0,0.0,0.0,0.0,0.0,0.0
adunit-heineken-sa-celebrations-bio-v1-mob,0.0,0.0,0.0,0.0,0.0,0.0,0.0,0.0
3a462469eef8972bc33e93d3b9402fda,0.0,0.0,0.0,0.0,0.0,0.0,0.0,0.0
3983cfed2def8feebc57bb6638cf49c8,0.0,0.0,0.0,0.0,0.0,0.0,0.0,0.0
adunit-lionsgate-moonfall-parallax-cta4-mob,0.0,0.0,0.0,0.0,0.0,0.0,0.0,0.0
44c8e52abc427a52c487122232409f5d,0.0,0.0,0.0,0.0,0.0,0.0,0.0,0.0
adunit-chevy-user-slider-seat-interior-cpe-mob,0.0,0.0,0.0,0.0,0.0,0.0,0.0,0.0
c9790ca6d49dfc3f245db91d3b62c56d,0.0,0.0,0.0,0.0,0.0,0.0,0.0,0.0
adunit-chevy-user-slider-seat-interior-cpe-av-mob,0.0,0.0,0.0,0.0,0.0,0.0,0.0,0.0
9e3c7a3de86bb8857dd3f822bc951a59,0.0,0.0,0.0,0.0,0.0,0.0,0.0,0.0
ff72b5f704ef2a8fa05e5a7b350a1e8e,0.0,0.0,0.0,0.0,0.0,0.0,0.0,0.0
27b8aecd5c4b58ddcfc56270e9944d81,0.0,0.0,0.0,0.0,0.0,0.0,0.0,0.0
adunit-facebook-conversational-commerce-3-0-th-bio2-mob,0.0,0.0,0.0,0.0,0.0,0.0,0.0,0.0
adunit-j&j-listerine-tonic3-exxon-fs,0.0,0.0,0.0,0.0,0.0,0.0,0.0,0.0
adunit-samsung-r9-launch-mpu,0.0,0.0,0.0,0.0,0.0,0.0,0.0,0.0
7b5d17800096a3e27a5732fd7322fc37,0.0,0.0,0.0,0.0,0.0,0.0,0.0,0.0
d250af845914563dc5e28699c19da043,0.0,0.0,0.0,0.0,0.0,0.0,0.0,0.0
e17b6db0e4fb777ab569ef0a81b5000e,0.0,0.0,600.0,900.0,900.0,600.0,900.0,600.0
adunit-yamaha-x2-x4-userchoice-cpe-av-mpu,0.0,0.0,0.0,0.0,0.0,0.0,0.0,0.0
adunit-ihop-ihoppy-hour-no-offer-mob,0.0,0.0,600.0,900.0,900.0,600.0,900.0,600.0
cd586b24025b1349b9b79d2c944e3f18,0.0,0.0,0.0,0.0,0.0,0.0,0.0,0.0
d706afba427123c30ffafb88d5486e03,0.0,0.0,0.0,0.0,0.0,0.0,0.0,0.0
3c5daf79e8097eae0956840826c90fcc,0.0,0.0,0.0,0.0,0.0,0.0,0.0,0.0
427bf316b866d8b20a30866426c66e09,280.0,6.0,599.0,289.0,283.0,319.0,500.0,600.0
adunit-simple-feast-build-for-industry-survey-q1-mob,0.0,0.0,0.0,0.0,0.0,0.0,0.0,0.0
adunit-facebook-conversational-commerce-3-0-vn-unit1-v2-mob,0.0,0.0,0.0,0.0,0.0,0.0,0.0,0.0
adunit-hitmans-wifes-body-guard-user-choice-unit1-mob,0.0,0.0,0.0,0.0,0.0,0.0,0.0,0.0
09d86d1539357a20fd04a53d000e8471,0.0,0.0,0.0,0.0,0.0,0.0,0.0,0.0
e5c648e39c7860bf0e70f4b02ecafbdf,0.0,0.0,0.0,0.0,0.0,0.0,0.0,0.0
adunit-mouser-user-choice-v3-canada-cpe-av-mpu,0.0,0.0,0.0,0.0,0.0,0.0,0.0,0.0
adunit-chanel-j12-tw-black-en-2022-mpu,0.0,0.0,0.0,0.0,0.0,0.0,0.0,0.0
5c58461a764afd15c527c9c8b3a054b2,0.0,0.0,0.0,0.0,0.0,0.0,0.0,0.0
44799b510c8a525e9baaa4729e200efa,231.0,586.0,370.0,856.0,270.0,139.0,900.0,600.0
adunit-facebook-conversational-commerce-3-0-th-unit2-mpu,0.0,0.0,0.0,0.0,0.0,0.0,0.0,0.0
adunit-lionsgate-uwomt-user-slider-sensory-video-final-tune2-mob,0.0,0.0,0.0,0.0,0.0,0.0,0.0,0.0
b68a3a78534ac964f4eddfb8d767bbe0,0.0,0.0,0.0,0.0,0.0,0.0,0.0,0.0
8bf41e73b0b48e4bc86fba470d3af1a8,0.0,0.0,0.0,0.0,0.0,0.0,0.0,0.0
caf88bb6688890e82c30fb408ec4e76f,0.0,0.0,0.0,0.0,0.0,0.0,0.0,0.0
adunit-hitmans-wifes-body-guard-user-choice-unit2-mob,0.0,0.0,0.0,0.0,0.0,0.0,0.0,0.0
3a63ee9cd0c128a7e97a7620a82b3678,0.0,0.0,0.0,0.0,0.0,0.0,0.0,0.0
d93555b29bb180a19395c58cb97a5065,0.0,0.0,0.0,0.0,0.0,0.0,0.0,0.0
adunit-lionsgate-moonfall-parallax-cta3-mpu,0.0,0.0,0.0,0.0,0.0,0.0,0.0,0.0
adunit-scotch-brite-scrub-dots-sponge-tap-thai-mob,0.0,0.0,0.0,0.0,0.0,0.0,0.0,0.0
9b2e41fdabcefdda0a86803e415a8c98,0.0,0.0,0.0,0.0,0.0,0.0,0.0,0.0
adunit-mouser-user-choice-v3-uk-cpe-av-mpu,0.0,0.0,0.0,0.0,0.0,0.0,0.0,0.0
adunit-lionsgate-uwomt-bio-mob,0.0,0.0,0.0,0.0,0.0,0.0,0.0,0.0
adunit-yamaha-wolverine-user-choice-cpe-v2-mpu,0.0,0.0,0.0,0.0,0.0,0.0,0.0,0.0
f50ff5f8d3f50ecaccadf63345ec16bc,135.0,42.0,466.0,85.0,43.0,331.0,900.0,600.0
adunit-hitmans-wifes-body-guard-user-choice-unit1-mpu,0.0,0.0,0.0,0.0,0.0,0.0,0.0,0.0
adunit-nestle-maggi-varieties-bouillon-ar-ksa-v1-mpu,0.0,0.0,0.0,0.0,0.0,0.0,0.0,0.0
f52568446cd557df708c44efb668789c,0.0,0.0,0.0,0.0,0.0,0.0,0.0,0.0
471b3c709ca35b4765c096beb835bcc3,0.0,0.0,0.0,0.0,0.0,0.0,0.0,0.0
adunit-jaguar-nameplate-refresh-v2-mfcc-mob,0.0,0.0,0.0,0.0,0.0,0.0,0.0,0.0
adunit-mouser-user-choice-cpe-av-aus-nz-mpu,0.0,0.0,0.0,0.0,0.0,0.0,0.0,0.0
adunit-mouser-user-choice-v2-cpe-aus-nz-mob,0.0,0.0,0.0,0.0,0.0,0.0,0.0,0.0
9e45326648ea56b095dfe34466ce6018,0.0,0.0,0.0,0.0,0.0,0.0,0.0,0.0
73501a5fc5b60fea475b301aae4a3731,0.0,0.0,0.0,0.0,0.0,0.0,0.0,0.0
86782260310be394dce33ef91955a716,0.0,0.0,0.0,0.0,0.0,0.0,0.0,0.0
adunit-ggpoker-spin-and-gold-sensory-v1-mpu,0.0,0.0,0.0,0.0,0.0,0.0,0.0,0.0
ba9ca629a79e79a0b652b5b275ecd5e1,0.0,0.0,0.0,0.0,0.0,0.0,0.0,0.0
f7f9e79ae3506b8c75810cae2ce276e7,84.0,307.0,260.0,380.0,73.0,176.0,500.0,600.0
034c0fa142311896c1b1b6900487d2fb,0.0,0.0,0.0,0.0,0.0,0.0,0.0,0.0
adunit-ihop-windows3-2021-mob,0.0,0.0,0.0,0.0,0.0,0.0,0.0,0.0
e437bb1946e346784d613ce6feba7203,0.0,0.0,0.0,0.0,0.0,0.0,0.0,0.0
adunit-yamaha-x2-x4-userchoice-cpe-av-mob,0.0,0.0,0.0,0.0,0.0,0.0,0.0,0.0
3f8bf51e4f82aeecc825c4b2a12d92a7,180.0,25.0,421.0,68.0,43.0,241.0,500.0,600.0
8968a702d64524827de2ccf55c802d6c,0.0,0.0,0.0,0.0,0.0,0.0,0.0,0.0
64beae61d488503fcd271af0ff3ea46a,0.0,0.0,0.0,0.0,0.0,0.0,0.0,0.0
adunit-lionsgate-moonfall-parallax-cta1-phase-spanish-mob,0.0,0.0,0.0,0.0,0.0,0.0,0.0,0.0
adunit-yamaha-rmax-1000-sensory-plus-video-mob,0.0,0.0,0.0,0.0,0.0,0.0,0.0,0.0
adunit-lionsgate-spiral-puzzle-mpu,0.0,0.0,0.0,0.0,0.0,0.0,0.0,0.0
c741653e8c326e65480df0732efe96df,46.0,40.0,134.0,76.0,36.0,88.0,900.0,600.0
adunit-showtime-first-lady-sensory-plus-mpu,0.0,0.0,0.0,0.0,0.0,0.0,0.0,0.0
adunit-heineken-pure-malt-v2-mob,0.0,0.0,0.0,0.0,0.0,0.0,0.0,0.0
dba3929fad20b7650861f74a9414c043,0.0,0.0,0.0,0.0,0.0,0.0,0.0,0.0
9e068e03269af51054a95146bdaf3d45,203.0,30.0,398.0,165.0,135.0,195.0,500.0,600.0
097b04b65ad1608a869f2fb08909a612,139.0,137.0,277.0,254.0,117.0,138.0,900.0,600.0
6c200017bb5cb921e59f6a6c09491ad5,0.0,0.0,358.0,113.0,113.0,358.0,500.0,600.0
9751f5044f0e9ef8e21661bf28c3d88f,0.0,0.0,0.0,0.0,0.0,0.0,0.0,0.0
adunit-mouser-user-choice-flight4-aus-nz-cpe-av-mob,0.0,0.0,0.0,0.0,0.0,0.0,0.0,0.0
adunit-chanel-j12-tw-white-en-2022-v1-mpu,0.0,0.0,0.0,0.0,0.0,0.0,0.0,0.0
adunit-lionsgate-moonfall-parallax-cta3-mob,0.0,0.0,0.0,0.0,0.0,0.0,0.0,0.0
9b9f6e8145aad25f6548fb35775d7fb3,0.0,0.0,0.0,0.0,0.0,0.0,0.0,0.0
3dbee69360ec8c331edd1ac47c4da0ec,0.0,0.0,0.0,0.0,0.0,0.0,0.0,0.0
adunit-ihop-ihoppy-hour-save-dollar-5-mpu,243.0,26.0,356.0,87.0,61.0,113.0,500.0,600.0
da2b42ad2deaf5a4f7f3604e0e5038e1,0.0,0.0,0.0,0.0,0.0,0.0,0.0,0.0
fae4bab75ff19f1246fb814deb4efd94,0.0,0.0,0.0,0.0,0.0,0.0,0.0,0.0
cb1ae642e1bdcec602d24344d5d927b5,235.0,35.0,366.0,112.0,77.0,131.0,500.0,600.0
6e526502767454c66cc93a391846bebd,0.0,0.0,0.0,0.0,0.0,0.0,0.0,0.0
adunit-heineken-pure-malt-bio,0.0,0.0,0.0,0.0,0.0,0.0,0.0,0.0
adunit-mouser-user-choice-v3-canada-cpe-mpu,0.0,0.0,0.0,0.0,0.0,0.0,0.0,0.0
adunit-hennessy-vsop-refik-anadol,0.0,0.0,0.0,0.0,0.0,0.0,0.0,0.0
adunit-dtc-soccer-swipe-to-catch-mob,0.0,0.0,0.0,0.0,0.0,0.0,0.0,0.0
adunit-ntuc-fair-price-christmas-mob,0.0,0.0,0.0,0.0,0.0,0.0,0.0,0.0
06c1d5086fb91fd2e62f4c5e29e2759c,0.0,0.0,0.0,0.0,0.0,0.0,0.0,0.0
de22272cbb7ebe2622fa3b847330ccc6,0.0,0.0,600.0,200.0,200.0,600.0,500.0,600.0
4df8be2d1f001c08abee098975068323,0.0,0.0,0.0,0.0,0.0,0.0,0.0,0.0
adunit-lexus-icertified-sensory-video-google-maps-cta-mob,0.0,0.0,0.0,0.0,0.0,0.0,0.0,0.0
91aa41c408ad4ff2e688c58c5ffe4e93,0.0,0.0,0.0,0.0,0.0,0.0,0.0,0.0
9931c8470e7412c45c890f4f7c59c1f4,92.0,221.0,496.0,285.0,64.0,404.0,500.0,600.0
adunit-lionsgate-uwomt-user-slider-sensory-video-final-mob,0.0,0.0,0.0,0.0,0.0,0.0,0.0,0.0
adunit-facebook-conversational-commerce-3-0-vn-bio1-mob,0.0,0.0,0.0,0.0,0.0,0.0,0.0,0.0
243e1d1c834bb95798ff4e1db49950a3,99.0,29.0,504.0,119.0,90.0,405.0,500.0,600.0
6a9230f97e1bf95266390f0f94c774dd,0.0,0.0,0.0,0.0,0.0,0.0,0.0,0.0
42b246e4d3bf68de81ab0262a2f05691,0.0,0.0,0.0,0.0,0.0,0.0,0.0,0.0
adunit-mouser-user-choice-flight4-aus-nz-cpe-mpu,0.0,0.0,0.0,0.0,0.0,0.0,0.0,0.0
2407dd6a760fb8ea2054a251cdb5b907,40.0,79.0,500.0,185.0,106.0,460.0,900.0,600.0
4b21d71efe295df873a1d907932dae72,0.0,0.0,0.0,0.0,0.0,0.0,0.0,0.0
b2174dea77ef62674fa5d51c84359984,0.0,0.0,358.0,113.0,113.0,358.0,500.0,600.0
adunit-nestle-maggi-varieties-bouillon-en-kwt-mpu,0.0,0.0,0.0,0.0,0.0,0.0,0.0,0.0
adunit-lionsgate-uwomt-user-slider-sensory-video-final-tune4-mob,0.0,0.0,0.0,0.0,0.0,0.0,0.0,0.0
c6ce1941383baf5a5cbfa7cfbb89dbc2,58.0,261.0,364.0,402.0,141.0,306.0,500.0,600.0
de9c6db1311c86407f28feced87dc46b,0.0,0.0,0.0,0.0,0.0,0.0,0.0,0.0
4e262fac1ce05ff65d581d668fc54e86,0.0,0.0,0.0,0.0,0.0,0.0,0.0,0.0
b22916b05fb1e90b8b8d33812483022c,0.0,0.0,0.0,0.0,0.0,0.0,0.0,0.0
adunit-lionsgate-americanunderdog-bio-mob,0.0,0.0,0.0,0.0,0.0,0.0,0.0,0.0
80399f92f8970d3bc8b26af690768c15,0.0,0.0,0.0,0.0,0.0,0.0,0.0,0.0
adunit-engagementplus-ihop-mpu,162.0,64.0,442.0,203.0,139.0,280.0,500.0,600.0
adunit-jaguar-nameplate-refresh-mfcc-mpu,0.0,0.0,0.0,0.0,0.0,0.0,0.0,0.0
bae285cdb6a38209f32e9e0c5f0a69ce,0.0,0.0,0.0,0.0,0.0,0.0,0.0,0.0
c350b0acd9f7b128c5ba096863e5444b,0.0,0.0,600.0,200.0,200.0,600.0,500.0,600.0
adunit-lionsgate-uwomt-user-slider-sensory-video-final-tune3-mpu,0.0,0.0,0.0,0.0,0.0,0.0,0.0,0.0
adunit-mouser-user-choice-flight4-us-cpe-mpu,0.0,0.0,0.0,0.0,0.0,0.0,0.0,0.0
adunit-yamaha-rmax2-1000-le-sensory-plus-video-mpu,0.0,0.0,0.0,0.0,0.0,0.0,0.0,0.0
fdf622b95e3d532398921834f6bbfa38,0.0,0.0,0.0,0.0,0.0,0.0,0.0,0.0
015efcdd8de3698ffc4dad6dabd6664a,0.0,0.0,0.0,0.0,0.0,0.0,0.0,0.0
26a8b89687aab2fafd586a34fc86ed46,0.0,0.0,0.0,0.0,0.0,0.0,0.0,0.0
adunit-heineken-sa-celebrations-bio-v3-mob,0.0,0.0,0.0,0.0,0.0,0.0,0.0,0.0
8388c02100992a33a5a08e1e6dbe6204,0.0,0.0,0.0,0.0,0.0,0.0,0.0,0.0
b973c711c94c3261f51e002b853be33d,0.0,0.0,0.0,0.0,0.0,0.0,0.0,0.0
b12b03c2dec5e71fe630d3b06062982a,220.0,17.0,373.0,70.0,53.0,153.0,500.0,600.0
c8fc9c5e6ec515c610c73f772ed5d3a4,0.0,0.0,600.0,900.0,900.0,600.0,900.0,600.0
adunit-engagement-plus-ihop-evergreen-olo-drag-right-mpu,0.0,0.0,0.0,0.0,0.0,0.0,0.0,0.0
0aeb1ee8a72ad3c5566cf7a2885dc39b,0.0,0.0,0.0,0.0,0.0,0.0,0.0,0.0
adunit-milk-ctc-swipe-to-catch-mpu,0.0,0.0,0.0,0.0,0.0,0.0,0.0,0.0
2b5174ee56b69baabe7f799a9de52411,0.0,0.0,0.0,0.0,0.0,0.0,0.0,0.0
459a8be7fbd64cc4719d79b6054de037,0.0,0.0,0.0,0.0,0.0,0.0,0.0,0.0
016534141ab870fdbf1b9c163955924d,0.0,0.0,0.0,0.0,0.0,0.0,0.0,0.0
c486723bb2d768d24036054973b1cebc,0.0,0.0,0.0,0.0,0.0,0.0,0.0,0.0
c76677bf8d4e0e0d6267a8c097957e92,0.0,0.0,0.0,0.0,0.0,0.0,0.0,0.0
eab4ad84efa8e1c830ff47d6e8ad4379,0.0,0.0,0.0,0.0,0.0,0.0,0.0,0.0
adunit-mouser-user-choice-flight4-us-cpe-av-mpu,0.0,0.0,0.0,0.0,0.0,0.0,0.0,0.0
adunit-yamaha-wolverine-user-choice-av-v2-mob,0.0,0.0,0.0,0.0,0.0,0.0,0.0,0.0
a19b99c57ec298782b9fbcdde83b9734,0.0,0.0,0.0,0.0,0.0,0.0,0.0,0.0
b429b231c4bcc785642a771a84b58eb2,0.0,0.0,0.0,0.0,0.0,0.0,0.0,0.0
adunit-mouser-user-choice-v2-cpe-av-mpu,0.0,0.0,0.0,0.0,0.0,0.0,0.0,0.0
44495dd7cc8acb29ea1392d6066c43d0,105.0,41.0,495.0,94.0,53.0,390.0,500.0,600.0
adunit-chevy-600-1200-hotspot-explorer-cpe-av-mob,0.0,0.0,0.0,0.0,0.0,0.0,0.0,0.0
4c3bb41d4f40f39842b7b8d3f536366a,257.0,46.0,343.0,79.0,33.0,86.0,900.0,600.0
ddef3dc6e16e17bb53b7ba66a400308b,0.0,0.0,600.0,900.0,900.0,600.0,900.0,600.0
adunit-yamaha-wolverine-user-choice-cpe-reuse-mob,0.0,0.0,0.0,0.0,0.0,0.0,0.0,0.0
bb8342d60fc04fb8c4fcfdbc3025f4d9,0.0,0.0,0.0,0.0,0.0,0.0,0.0,0.0
adunit-mouser-user-choice-v2-cpe-av-uk-mpu,0.0,0.0,0.0,0.0,0.0,0.0,0.0,0.0
624c1fc48eda8c49a470567317891825,0.0,0.0,0.0,0.0,0.0,0.0,0.0,0.0
adunit-mouser-user-choice-flight4-aus-nz-cpe-av-mpu,0.0,0.0,0.0,0.0,0.0,0.0,0.0,0.0
ee8ae60b2e46e44da79fb7e59b07eae4,55.0,405.0,552.0,562.0,157.0,497.0,900.0,600.0
adunit-mouser-user-choice-cpe-us-mob,0.0,0.0,0.0,0.0,0.0,0.0,0.0,0.0
adunit-mouser-user-choice-cpe-av-canada-mob,0.0,0.0,0.0,0.0,0.0,0.0,0.0,0.0
adunit-lionsgate-moonfall-parallax-dec-get-tickets-v2-mob,0.0,0.0,0.0,0.0,0.0,0.0,0.0,0.0
ed3071a667a11cc56e88ae0489bfe6aa,0.0,0.0,0.0,0.0,0.0,0.0,0.0,0.0
9afba90addb72bcdbab265b3492540e1,0.0,0.0,0.0,0.0,0.0,0.0,0.0,0.0
afacaf5b3063c23f8231cc01be74aa1d,0.0,0.0,0.0,0.0,0.0,0.0,0.0,0.0
92c16abb4f96ac15f03501d3d4fbda05,0.0,0.0,0.0,0.0,0.0,0.0,0.0,0.0
adunit-engagementplus-ihop-mob,0.0,0.0,0.0,0.0,0.0,0.0,0.0,0.0
adunit-windhoek-beer-year-end-2021-bio-v3-mob,0.0,0.0,0.0,0.0,0.0,0.0,0.0,0.0
adunit-nestle-maggi-varieties-bouillon-ar-uae-v1-mpu,0.0,0.0,0.0,0.0,0.0,0.0,0.0,0.0
f4fc8ed9cf50e6f77bb14054b88ee2cd,0.0,0.0,0.0,0.0,0.0,0.0,0.0,0.0
64df515c2e4b954d029301fbc14db84a,0.0,0.0,0.0,0.0,0.0,0.0,0.0,0.0
40a448ee93f85a6f94825b7afc1337b0,0.0,0.0,0.0,0.0,0.0,0.0,0.0,0.0
2443bd3b890824acecbe32659b9a1246,0.0,0.0,0.0,0.0,0.0,0.0,0.0,0.0
7ed73c1cc404f9956d26c5f58de72b2f,0.0,0.0,0.0,0.0,0.0,0.0,0.0,0.0
90455f5ace15860874965eabd081b6f2,0.0,0.0,0.0,0.0,0.0,0.0,0.0,0.0
adunit-chevy-hotspot-cpe-av-mpu,0.0,0.0,0.0,0.0,0.0,0.0,0.0,0.0
adunit-facebook-conversational-commerce-3-0-vn-bio2-mob,0.0,0.0,0.0,0.0,0.0,0.0,0.0,0.0
